item,species,formula,pahdb_uid_matrix,frequency_cm,rel_intensity,laser,u_res_cm,u_c_cm,u_T_cm,u_band_cm_lower_bound,family,temperature,source
61,tetracene,C18H12,,548.0,0.19,FELIX,5.48,,0.0,5.48,low / skeletal,jet-cooled (molecular beam),"Lemmens et al. 2019, A&A 628, A130, Table A.2 (tetracene, experimental columns)"
61,tetracene,C18H12,,604.0,0.11,FELIX,6.04,,0.0,6.04,low / skeletal,jet-cooled (molecular beam),"Lemmens et al. 2019, A&A 628, A130, Table A.2 (tetracene, experimental columns)"
61,tetracene,C18H12,,623.0,0.05,FELIX,6.23,,0.0,6.23,low / skeletal,jet-cooled (molecular beam),"Lemmens et al. 2019, A&A 628, A130, Table A.2 (tetracene, experimental columns)"
61,tetracene,C18H12,,631.3,0.04,FELIX,6.31,,0.0,6.31,low / skeletal,jet-cooled (molecular beam),"Lemmens et al. 2019, A&A 628, A130, Table A.2 (tetracene, experimental columns)"
61,tetracene,C18H12,,738.7,1.0,FELIX,7.39,,0.0,7.39,CH-oop (10.5-15 um; benzene nu11 at 673 included),jet-cooled (molecular beam),"Lemmens et al. 2019, A&A 628, A130, Table A.2 (tetracene, experimental columns)"
61,tetracene,C18H12,,892.9,0.96,FELIX,8.93,,0.0,8.93,CH-oop (10.5-15 um; benzene nu11 at 673 included),jet-cooled (molecular beam),"Lemmens et al. 2019, A&A 628, A130, Table A.2 (tetracene, experimental columns)"
61,tetracene,C18H12,,934.4,0.21,FELIX,9.34,,0.0,9.34,CH-oop (10.5-15 um; benzene nu11 at 673 included),jet-cooled (molecular beam),"Lemmens et al. 2019, A&A 628, A130, Table A.2 (tetracene, experimental columns)"
61,tetracene,C18H12,,952.4,0.18,FELIX,9.52,,0.0,9.52,ring / CH-ip (9-10.5 um),jet-cooled (molecular beam),"Lemmens et al. 2019, A&A 628, A130, Table A.2 (tetracene, experimental columns)"
61,tetracene,C18H12,,975.8,0.06,FELIX,9.76,,0.0,9.76,ring / CH-ip (9-10.5 um),jet-cooled (molecular beam),"Lemmens et al. 2019, A&A 628, A130, Table A.2 (tetracene, experimental columns)"
61,tetracene,C18H12,,996.6,0.29,FELIX,9.97,,0.0,9.97,ring / CH-ip (9-10.5 um),jet-cooled (molecular beam),"Lemmens et al. 2019, A&A 628, A130, Table A.2 (tetracene, experimental columns)"
61,tetracene,C18H12,,1049.4,0.1,FELIX,10.49,,0.0,10.49,ring / CH-ip (9-10.5 um),jet-cooled (molecular beam),"Lemmens et al. 2019, A&A 628, A130, Table A.2 (tetracene, experimental columns)"
61,tetracene,C18H12,,1123.8,0.35,FELIX,11.24,,0.0,11.24,CH-ip-bend (8.6 um),jet-cooled (molecular beam),"Lemmens et al. 2019, A&A 628, A130, Table A.2 (tetracene, experimental columns)"
61,tetracene,C18H12,,1081.3,0.11,FELIX,10.81,,0.0,10.81,ring / CH-ip (9-10.5 um),jet-cooled (molecular beam),"Lemmens et al. 2019, A&A 628, A130, Table A.2 (tetracene, experimental columns)"
61,tetracene,C18H12,,1195.4,0.16,FELIX,11.95,,0.0,11.95,CH-ip-bend (8.6 um),jet-cooled (molecular beam),"Lemmens et al. 2019, A&A 628, A130, Table A.2 (tetracene, experimental columns)"
61,tetracene,C18H12,,1289.1,0.62,FELIX,12.89,,0.0,12.89,CC-stretch/CH-ip (7.7 um),jet-cooled (molecular beam),"Lemmens et al. 2019, A&A 628, A130, Table A.2 (tetracene, experimental columns)"
61,tetracene,C18H12,,1328.6,0.42,FELIX,13.29,,0.0,13.29,CC-stretch/CH-ip (7.7 um),jet-cooled (molecular beam),"Lemmens et al. 2019, A&A 628, A130, Table A.2 (tetracene, experimental columns)"
61,tetracene,C18H12,,1381.7,0.17,FELIX,13.82,,0.0,13.82,CC-stretch/CH-ip (7.7 um),jet-cooled (molecular beam),"Lemmens et al. 2019, A&A 628, A130, Table A.2 (tetracene, experimental columns)"
61,tetracene,C18H12,,1410.0,0.32,FELIX,14.1,,0.0,14.1,CC-stretch/CH-ip (7.7 um),jet-cooled (molecular beam),"Lemmens et al. 2019, A&A 628, A130, Table A.2 (tetracene, experimental columns)"
61,tetracene,C18H12,,1457.7,0.18,FELIX,14.58,,0.0,14.58,CC-stretch/CH-ip (7.7 um),jet-cooled (molecular beam),"Lemmens et al. 2019, A&A 628, A130, Table A.2 (tetracene, experimental columns)"
61,tetracene,C18H12,,1498.6,0.13,FELIX,14.99,,0.0,14.99,CC-stretch/CH-ip (7.7 um),jet-cooled (molecular beam),"Lemmens et al. 2019, A&A 628, A130, Table A.2 (tetracene, experimental columns)"
61,tetracene,C18H12,,1536.9,0.29,FELIX,15.37,,0.0,15.37,CC-stretch (6.2 um),jet-cooled (molecular beam),"Lemmens et al. 2019, A&A 628, A130, Table A.2 (tetracene, experimental columns)"
61,tetracene,C18H12,,1563.4,0.08,FELIX,15.63,,0.0,15.63,CC-stretch (6.2 um),jet-cooled (molecular beam),"Lemmens et al. 2019, A&A 628, A130, Table A.2 (tetracene, experimental columns)"
61,tetracene,C18H12,,1574.4,0.08,FELIX,15.74,,0.0,15.74,CC-stretch (6.2 um),jet-cooled (molecular beam),"Lemmens et al. 2019, A&A 628, A130, Table A.2 (tetracene, experimental columns)"
61,tetracene,C18H12,,1632.1,0.28,FELIX,16.32,,0.0,16.32,CC-stretch (6.2 um),jet-cooled (molecular beam),"Lemmens et al. 2019, A&A 628, A130, Table A.2 (tetracene, experimental columns)"
61,tetracene,C18H12,,1670.6,0.33,FELIX,16.71,,0.0,16.71,overtone / combination region,jet-cooled (molecular beam),"Lemmens et al. 2019, A&A 628, A130, Table A.2 (tetracene, experimental columns)"
61,tetracene,C18H12,,1694.5,0.48,FELIX,16.95,,0.0,16.95,overtone / combination region,jet-cooled (molecular beam),"Lemmens et al. 2019, A&A 628, A130, Table A.2 (tetracene, experimental columns)"
61,tetracene,C18H12,,1767.0,0.47,FELIX,17.67,,0.0,17.67,overtone / combination region,jet-cooled (molecular beam),"Lemmens et al. 2019, A&A 628, A130, Table A.2 (tetracene, experimental columns)"
61,tetracene,C18H12,,1779.6,,FELIX,17.8,,0.0,17.8,overtone / combination region,jet-cooled (molecular beam),"Lemmens et al. 2019, A&A 628, A130, Table A.2 (tetracene, experimental columns)"
61,tetracene,C18H12,,1809.5,0.21,FELIX,18.09,,0.0,18.09,overtone / combination region,jet-cooled (molecular beam),"Lemmens et al. 2019, A&A 628, A130, Table A.2 (tetracene, experimental columns)"
61,tetracene,C18H12,,1885.7,,FELIX,18.86,,0.0,18.86,overtone / combination region,jet-cooled (molecular beam),"Lemmens et al. 2019, A&A 628, A130, Table A.2 (tetracene, experimental columns)"
61,tetracene,C18H12,,1902.9,0.2,FELIX,19.03,,0.0,19.03,overtone / combination region,jet-cooled (molecular beam),"Lemmens et al. 2019, A&A 628, A130, Table A.2 (tetracene, experimental columns)"
61,tetracene,C18H12,,1917.0,0.22,FELIX,19.17,,0.0,19.17,overtone / combination region,jet-cooled (molecular beam),"Lemmens et al. 2019, A&A 628, A130, Table A.2 (tetracene, experimental columns)"
61,tetracene,C18H12,,1947.8,,FELIX,19.48,,0.0,19.48,overtone / combination region,jet-cooled (molecular beam),"Lemmens et al. 2019, A&A 628, A130, Table A.2 (tetracene, experimental columns)"
61,tetracene,C18H12,,1968.6,0.03,FELIX,19.69,,0.0,19.69,overtone / combination region,jet-cooled (molecular beam),"Lemmens et al. 2019, A&A 628, A130, Table A.2 (tetracene, experimental columns)"
62,coronene,C24H12,18,121.1,0.004,FELIX,1.21,,0.0,1.21,low / skeletal,jet-cooled (molecular beam),"Lemmens, Rijs & Buma 2021, ApJ 923, 238, Table A1 page 9 (coronene block)"
62,coronene,C24H12,18,381.1,0.03,FELIX,3.81,,0.0,3.81,low / skeletal,jet-cooled (molecular beam),"Lemmens, Rijs & Buma 2021, ApJ 923, 238, Table A1 page 9 (coronene block)"
62,coronene,C24H12,18,549.2,0.61,FELIX,5.49,,0.0,5.49,low / skeletal,jet-cooled (molecular beam),"Lemmens, Rijs & Buma 2021, ApJ 923, 238, Table A1 page 9 (coronene block)"
62,coronene,C24H12,18,770.1,0.21,FELIX,7.7,,0.0,7.7,CH-oop (10.5-15 um; benzene nu11 at 673 included),jet-cooled (molecular beam),"Lemmens, Rijs & Buma 2021, ApJ 923, 238, Table A1 page 9 (coronene block)"
62,coronene,C24H12,18,854.6,1.0,FELIX,8.55,,0.0,8.55,CH-oop (10.5-15 um; benzene nu11 at 673 included),jet-cooled (molecular beam),"Lemmens, Rijs & Buma 2021, ApJ 923, 238, Table A1 page 9 (coronene block)"
62,coronene,C24H12,18,1132.1,0.19,FELIX,11.32,,0.0,11.32,CH-ip-bend (8.6 um),jet-cooled (molecular beam),"Lemmens, Rijs & Buma 2021, ApJ 923, 238, Table A1 page 9 (coronene block)"
62,coronene,C24H12,18,1208.1,0.08,FELIX,12.08,,0.0,12.08,CH-ip-bend (8.6 um),jet-cooled (molecular beam),"Lemmens, Rijs & Buma 2021, ApJ 923, 238, Table A1 page 9 (coronene block)"
62,coronene,C24H12,18,1306.4,0.35,FELIX,13.06,,0.0,13.06,CC-stretch/CH-ip (7.7 um),jet-cooled (molecular beam),"Lemmens, Rijs & Buma 2021, ApJ 923, 238, Table A1 page 9 (coronene block)"
62,coronene,C24H12,18,1607.1,0.23,FELIX,16.07,,0.0,16.07,CC-stretch (6.2 um),jet-cooled (molecular beam),"Lemmens, Rijs & Buma 2021, ApJ 923, 238, Table A1 page 9 (coronene block)"
62,coronene,C24H12,18,1694.0,0.09,FELIX,16.94,,0.0,16.94,overtone / combination region,jet-cooled (molecular beam),"Lemmens, Rijs & Buma 2021, ApJ 923, 238, Table A1 page 9 (coronene block)"
62,coronene,C24H12,18,1774.4,0.09,FELIX,17.74,,0.0,17.74,overtone / combination region,jet-cooled (molecular beam),"Lemmens, Rijs & Buma 2021, ApJ 923, 238, Table A1 page 9 (coronene block)"
62,coronene,C24H12,18,1902.8,0.12,FELIX,19.03,,0.0,19.03,overtone / combination region,jet-cooled (molecular beam),"Lemmens, Rijs & Buma 2021, ApJ 923, 238, Table A1 page 9 (coronene block)"
62,coronene,C24H12,18,3024.88,0.14,OPO,0.1,,0.0,0.1,CH-stretch,jet-cooled (molecular beam),"Lemmens, Rijs & Buma 2021, ApJ 923, 238, Table A1 page 9 (coronene block)"
62,coronene,C24H12,18,3030.83,0.52,OPO,0.1,,0.0,0.1,CH-stretch,jet-cooled (molecular beam),"Lemmens, Rijs & Buma 2021, ApJ 923, 238, Table A1 page 9 (coronene block)"
62,coronene,C24H12,18,3036.62,0.29,OPO,0.1,,0.0,0.1,CH-stretch,jet-cooled (molecular beam),"Lemmens, Rijs & Buma 2021, ApJ 923, 238, Table A1 page 9 (coronene block)"
62,coronene,C24H12,18,3041.75,0.29,OPO,0.1,,0.0,0.1,CH-stretch,jet-cooled (molecular beam),"Lemmens, Rijs & Buma 2021, ApJ 923, 238, Table A1 page 9 (coronene block)"
62,coronene,C24H12,18,3053.72,0.28,OPO,0.1,,0.0,0.1,CH-stretch,jet-cooled (molecular beam),"Lemmens, Rijs & Buma 2021, ApJ 923, 238, Table A1 page 9 (coronene block)"
62,coronene,C24H12,18,3062.84,0.51,OPO,0.1,,0.0,0.1,CH-stretch,jet-cooled (molecular beam),"Lemmens, Rijs & Buma 2021, ApJ 923, 238, Table A1 page 9 (coronene block)"
62,coronene,C24H12,18,3066.84,1.0,OPO,0.1,,0.0,0.1,CH-stretch,jet-cooled (molecular beam),"Lemmens, Rijs & Buma 2021, ApJ 923, 238, Table A1 page 9 (coronene block)"
62,coronene,C24H12,18,3107.13,0.11,OPO,0.1,,0.0,0.1,CH-stretch,jet-cooled (molecular beam),"Lemmens, Rijs & Buma 2021, ApJ 923, 238, Table A1 page 9 (coronene block)"
