item,species,formula,frequency_cm,rel_intensity,laser,u_res_cm,u_c_cm,u_T_cm,u_band_cm_lower_bound,family,temperature,table_pages,source
62,ovalene,C32H14,276.0,0.03,FELIX,2.76,,0.0,2.76,low / skeletal,jet-cooled (molecular beam),page 9,"Lemmens, Rijs & Buma 2021, ApJ 923, 238, Table A1 pages 9-10 (experimental columns), DOI 10.3847/1538-4357/ac2f9d"
62,ovalene,C32H14,340.4,0.05,FELIX,3.4,,0.0,3.4,low / skeletal,jet-cooled (molecular beam),page 9,"Lemmens, Rijs & Buma 2021, ApJ 923, 238, Table A1 pages 9-10 (experimental columns), DOI 10.3847/1538-4357/ac2f9d"
62,ovalene,C32H14,389.9,0.06,FELIX,3.9,,0.0,3.9,low / skeletal,jet-cooled (molecular beam),page 9,"Lemmens, Rijs & Buma 2021, ApJ 923, 238, Table A1 pages 9-10 (experimental columns), DOI 10.3847/1538-4357/ac2f9d"
62,ovalene,C32H14,421.8,0.05,FELIX,4.22,,0.0,4.22,low / skeletal,jet-cooled (molecular beam),page 9,"Lemmens, Rijs & Buma 2021, ApJ 923, 238, Table A1 pages 9-10 (experimental columns), DOI 10.3847/1538-4357/ac2f9d"
62,ovalene,C32H14,546.6,0.18,FELIX,5.47,,0.0,5.47,low / skeletal,jet-cooled (molecular beam),page 9,"Lemmens, Rijs & Buma 2021, ApJ 923, 238, Table A1 pages 9-10 (experimental columns), DOI 10.3847/1538-4357/ac2f9d"
62,ovalene,C32H14,577.5,0.04,FELIX,5.78,,0.0,5.78,low / skeletal,jet-cooled (molecular beam),page 9,"Lemmens, Rijs & Buma 2021, ApJ 923, 238, Table A1 pages 9-10 (experimental columns), DOI 10.3847/1538-4357/ac2f9d"
62,ovalene,C32H14,638.3,0.21,FELIX,6.38,,0.0,6.38,low / skeletal,jet-cooled (molecular beam),page 9,"Lemmens, Rijs & Buma 2021, ApJ 923, 238, Table A1 pages 9-10 (experimental columns), DOI 10.3847/1538-4357/ac2f9d"
62,ovalene,C32H14,765.2,0.09,FELIX,7.65,,0.0,7.65,CH-oop (10.5-15 um; benzene nu11 at 673 included),jet-cooled (molecular beam),page 9,"Lemmens, Rijs & Buma 2021, ApJ 923, 238, Table A1 pages 9-10 (experimental columns), DOI 10.3847/1538-4357/ac2f9d"
62,ovalene,C32H14,779.4,0.07,FELIX,7.79,,0.0,7.79,CH-oop (10.5-15 um; benzene nu11 at 673 included),jet-cooled (molecular beam),page 9,"Lemmens, Rijs & Buma 2021, ApJ 923, 238, Table A1 pages 9-10 (experimental columns), DOI 10.3847/1538-4357/ac2f9d"
62,ovalene,C32H14,839.2,0.69,FELIX,8.39,,0.0,8.39,CH-oop (10.5-15 um; benzene nu11 at 673 included),jet-cooled (molecular beam),page 9,"Lemmens, Rijs & Buma 2021, ApJ 923, 238, Table A1 pages 9-10 (experimental columns), DOI 10.3847/1538-4357/ac2f9d"
62,ovalene,C32H14,884.0,1.0,FELIX,8.84,,0.0,8.84,CH-oop (10.5-15 um; benzene nu11 at 673 included),jet-cooled (molecular beam),page 9,"Lemmens, Rijs & Buma 2021, ApJ 923, 238, Table A1 pages 9-10 (experimental columns), DOI 10.3847/1538-4357/ac2f9d"
62,ovalene,C32H14,918.7,0.25,FELIX,9.19,,0.0,9.19,CH-oop (10.5-15 um; benzene nu11 at 673 included),jet-cooled (molecular beam),page 9,"Lemmens, Rijs & Buma 2021, ApJ 923, 238, Table A1 pages 9-10 (experimental columns), DOI 10.3847/1538-4357/ac2f9d"
62,ovalene,C32H14,973.8,0.14,FELIX,9.74,,0.0,9.74,ring / CH-ip (9-10.5 um),jet-cooled (molecular beam),page 9,"Lemmens, Rijs & Buma 2021, ApJ 923, 238, Table A1 pages 9-10 (experimental columns), DOI 10.3847/1538-4357/ac2f9d"
62,ovalene,C32H14,1073.4,0.12,FELIX,10.73,,0.0,10.73,ring / CH-ip (9-10.5 um),jet-cooled (molecular beam),page 9,"Lemmens, Rijs & Buma 2021, ApJ 923, 238, Table A1 pages 9-10 (experimental columns), DOI 10.3847/1538-4357/ac2f9d"
62,ovalene,C32H14,1120.5,0.08,FELIX,11.21,,0.0,11.21,CH-ip-bend (8.6 um),jet-cooled (molecular beam),page 9,"Lemmens, Rijs & Buma 2021, ApJ 923, 238, Table A1 pages 9-10 (experimental columns), DOI 10.3847/1538-4357/ac2f9d"
62,ovalene,C32H14,1165.4,0.71,FELIX,11.65,,0.0,11.65,CH-ip-bend (8.6 um),jet-cooled (molecular beam),page 9,"Lemmens, Rijs & Buma 2021, ApJ 923, 238, Table A1 pages 9-10 (experimental columns), DOI 10.3847/1538-4357/ac2f9d"
62,ovalene,C32H14,1245.8,0.53,FELIX,12.46,,0.0,12.46,CH-ip-bend (8.6 um),jet-cooled (molecular beam),page 9,"Lemmens, Rijs & Buma 2021, ApJ 923, 238, Table A1 pages 9-10 (experimental columns), DOI 10.3847/1538-4357/ac2f9d"
62,ovalene,C32H14,1277.7,0.13,FELIX,12.78,,0.0,12.78,CC-stretch/CH-ip (7.7 um),jet-cooled (molecular beam),page 9,"Lemmens, Rijs & Buma 2021, ApJ 923, 238, Table A1 pages 9-10 (experimental columns), DOI 10.3847/1538-4357/ac2f9d"
62,ovalene,C32H14,1315.3,0.56,FELIX,13.15,,0.0,13.15,CC-stretch/CH-ip (7.7 um),jet-cooled (molecular beam),page 9,"Lemmens, Rijs & Buma 2021, ApJ 923, 238, Table A1 pages 9-10 (experimental columns), DOI 10.3847/1538-4357/ac2f9d"
62,ovalene,C32H14,1421.0,0.49,FELIX,14.21,,0.0,14.21,CC-stretch/CH-ip (7.7 um),jet-cooled (molecular beam),page 9,"Lemmens, Rijs & Buma 2021, ApJ 923, 238, Table A1 pages 9-10 (experimental columns), DOI 10.3847/1538-4357/ac2f9d"
62,ovalene,C32H14,1533.5,0.22,FELIX,15.34,,0.0,15.34,CC-stretch (6.2 um),jet-cooled (molecular beam),page 9,"Lemmens, Rijs & Buma 2021, ApJ 923, 238, Table A1 pages 9-10 (experimental columns), DOI 10.3847/1538-4357/ac2f9d"
62,ovalene,C32H14,1630.5,0.53,FELIX,16.3,,0.0,16.3,CC-stretch (6.2 um),jet-cooled (molecular beam),page 9,"Lemmens, Rijs & Buma 2021, ApJ 923, 238, Table A1 pages 9-10 (experimental columns), DOI 10.3847/1538-4357/ac2f9d"
62,ovalene,C32H14,1689.0,0.18,FELIX,16.89,,0.0,16.89,overtone / combination region,jet-cooled (molecular beam),page 9,"Lemmens, Rijs & Buma 2021, ApJ 923, 238, Table A1 pages 9-10 (experimental columns), DOI 10.3847/1538-4357/ac2f9d"
62,ovalene,C32H14,1723.8,0.17,FELIX,17.24,,0.0,17.24,overtone / combination region,jet-cooled (molecular beam),page 9,"Lemmens, Rijs & Buma 2021, ApJ 923, 238, Table A1 pages 9-10 (experimental columns), DOI 10.3847/1538-4357/ac2f9d"
62,ovalene,C32H14,1765.5,0.18,FELIX,17.66,,0.0,17.66,overtone / combination region,jet-cooled (molecular beam),page 9,"Lemmens, Rijs & Buma 2021, ApJ 923, 238, Table A1 pages 9-10 (experimental columns), DOI 10.3847/1538-4357/ac2f9d"
62,ovalene,C32H14,1909.9,0.26,FELIX,19.1,,0.0,19.1,overtone / combination region,jet-cooled (molecular beam),page 9,"Lemmens, Rijs & Buma 2021, ApJ 923, 238, Table A1 pages 9-10 (experimental columns), DOI 10.3847/1538-4357/ac2f9d"
62,ovalene,C32H14,3008.67,0.08,OPO,0.1,,0.0,0.1,CH-stretch,jet-cooled (molecular beam),page 9,"Lemmens, Rijs & Buma 2021, ApJ 923, 238, Table A1 pages 9-10 (experimental columns), DOI 10.3847/1538-4357/ac2f9d"
62,ovalene,C32H14,3029.28,0.16,OPO,0.1,,0.0,0.1,CH-stretch,jet-cooled (molecular beam),page 9,"Lemmens, Rijs & Buma 2021, ApJ 923, 238, Table A1 pages 9-10 (experimental columns), DOI 10.3847/1538-4357/ac2f9d"
62,ovalene,C32H14,3033.62,0.14,OPO,0.1,,0.0,0.1,CH-stretch,jet-cooled (molecular beam),page 9,"Lemmens, Rijs & Buma 2021, ApJ 923, 238, Table A1 pages 9-10 (experimental columns), DOI 10.3847/1538-4357/ac2f9d"
62,ovalene,C32H14,3046.11,1.0,OPO,0.1,,0.0,0.1,CH-stretch,jet-cooled (molecular beam),page 9,"Lemmens, Rijs & Buma 2021, ApJ 923, 238, Table A1 pages 9-10 (experimental columns), DOI 10.3847/1538-4357/ac2f9d"
62,ovalene,C32H14,3053.22,0.2,OPO,0.1,,0.0,0.1,CH-stretch,jet-cooled (molecular beam),page 9,"Lemmens, Rijs & Buma 2021, ApJ 923, 238, Table A1 pages 9-10 (experimental columns), DOI 10.3847/1538-4357/ac2f9d"
62,ovalene,C32H14,3065.77,0.52,OPO,0.1,,0.0,0.1,CH-stretch,jet-cooled (molecular beam),page 9,"Lemmens, Rijs & Buma 2021, ApJ 923, 238, Table A1 pages 9-10 (experimental columns), DOI 10.3847/1538-4357/ac2f9d"
62,hexa(peri)benzocoronene,C42H18,276.8,0.05,FELIX,2.77,,0.0,2.77,low / skeletal,jet-cooled (molecular beam),pages 9-10 (continuation block mis-headed 'Coronene'),"Lemmens, Rijs & Buma 2021, ApJ 923, 238, Table A1 pages 9-10 (experimental columns), DOI 10.3847/1538-4357/ac2f9d"
62,hexa(peri)benzocoronene,C42H18,530.5,0.02,FELIX,5.3,,0.0,5.3,low / skeletal,jet-cooled (molecular beam),pages 9-10 (continuation block mis-headed 'Coronene'),"Lemmens, Rijs & Buma 2021, ApJ 923, 238, Table A1 pages 9-10 (experimental columns), DOI 10.3847/1538-4357/ac2f9d"
62,hexa(peri)benzocoronene,C42H18,548.0,0.05,FELIX,5.48,,0.0,5.48,low / skeletal,jet-cooled (molecular beam),pages 9-10 (continuation block mis-headed 'Coronene'),"Lemmens, Rijs & Buma 2021, ApJ 923, 238, Table A1 pages 9-10 (experimental columns), DOI 10.3847/1538-4357/ac2f9d"
62,hexa(peri)benzocoronene,C42H18,594.4,0.12,FELIX,5.94,,0.0,5.94,low / skeletal,jet-cooled (molecular beam),pages 9-10 (continuation block mis-headed 'Coronene'),"Lemmens, Rijs & Buma 2021, ApJ 923, 238, Table A1 pages 9-10 (experimental columns), DOI 10.3847/1538-4357/ac2f9d"
62,hexa(peri)benzocoronene,C42H18,680.7,0.18,FELIX,6.81,,0.0,6.81,CH-oop (10.5-15 um; benzene nu11 at 673 included),jet-cooled (molecular beam),pages 9-10 (continuation block mis-headed 'Coronene'),"Lemmens, Rijs & Buma 2021, ApJ 923, 238, Table A1 pages 9-10 (experimental columns), DOI 10.3847/1538-4357/ac2f9d"
62,hexa(peri)benzocoronene,C42H18,746.1,0.11,FELIX,7.46,,0.0,7.46,CH-oop (10.5-15 um; benzene nu11 at 673 included),jet-cooled (molecular beam),pages 9-10 (continuation block mis-headed 'Coronene'),"Lemmens, Rijs & Buma 2021, ApJ 923, 238, Table A1 pages 9-10 (experimental columns), DOI 10.3847/1538-4357/ac2f9d"
62,hexa(peri)benzocoronene,C42H18,770.1,1.0,FELIX,7.7,,0.0,7.7,CH-oop (10.5-15 um; benzene nu11 at 673 included),jet-cooled (molecular beam),pages 9-10 (continuation block mis-headed 'Coronene'),"Lemmens, Rijs & Buma 2021, ApJ 923, 238, Table A1 pages 9-10 (experimental columns), DOI 10.3847/1538-4357/ac2f9d"
62,hexa(peri)benzocoronene,C42H18,819.2,0.03,FELIX,8.19,,0.0,8.19,CH-oop (10.5-15 um; benzene nu11 at 673 included),jet-cooled (molecular beam),pages 9-10 (continuation block mis-headed 'Coronene'),"Lemmens, Rijs & Buma 2021, ApJ 923, 238, Table A1 pages 9-10 (experimental columns), DOI 10.3847/1538-4357/ac2f9d"
62,hexa(peri)benzocoronene,C42H18,1035.4,0.08,FELIX,10.35,,0.0,10.35,ring / CH-ip (9-10.5 um),jet-cooled (molecular beam),pages 9-10 (continuation block mis-headed 'Coronene'),"Lemmens, Rijs & Buma 2021, ApJ 923, 238, Table A1 pages 9-10 (experimental columns), DOI 10.3847/1538-4357/ac2f9d"
62,hexa(peri)benzocoronene,C42H18,1098.9,0.67,FELIX,10.99,,0.0,10.99,ring / CH-ip (9-10.5 um),jet-cooled (molecular beam),pages 9-10 (continuation block mis-headed 'Coronene'),"Lemmens, Rijs & Buma 2021, ApJ 923, 238, Table A1 pages 9-10 (experimental columns), DOI 10.3847/1538-4357/ac2f9d"
62,hexa(peri)benzocoronene,C42H18,1232.1,0.26,FELIX,12.32,,0.0,12.32,CH-ip-bend (8.6 um),jet-cooled (molecular beam),pages 9-10 (continuation block mis-headed 'Coronene'),"Lemmens, Rijs & Buma 2021, ApJ 923, 238, Table A1 pages 9-10 (experimental columns), DOI 10.3847/1538-4357/ac2f9d"
62,hexa(peri)benzocoronene,C42H18,1312.0,0.16,FELIX,13.12,,0.0,13.12,CC-stretch/CH-ip (7.7 um),jet-cooled (molecular beam),pages 9-10 (continuation block mis-headed 'Coronene'),"Lemmens, Rijs & Buma 2021, ApJ 923, 238, Table A1 pages 9-10 (experimental columns), DOI 10.3847/1538-4357/ac2f9d"
62,hexa(peri)benzocoronene,C42H18,1384.0,0.75,FELIX,13.84,,0.0,13.84,CC-stretch/CH-ip (7.7 um),jet-cooled (molecular beam),pages 9-10 (continuation block mis-headed 'Coronene'),"Lemmens, Rijs & Buma 2021, ApJ 923, 238, Table A1 pages 9-10 (experimental columns), DOI 10.3847/1538-4357/ac2f9d"
62,hexa(peri)benzocoronene,C42H18,1414.9,0.17,FELIX,14.15,,0.0,14.15,CC-stretch/CH-ip (7.7 um),jet-cooled (molecular beam),pages 9-10 (continuation block mis-headed 'Coronene'),"Lemmens, Rijs & Buma 2021, ApJ 923, 238, Table A1 pages 9-10 (experimental columns), DOI 10.3847/1538-4357/ac2f9d"
62,hexa(peri)benzocoronene,C42H18,1501.7,0.26,FELIX,15.02,,0.0,15.02,CC-stretch (6.2 um),jet-cooled (molecular beam),pages 9-10 (continuation block mis-headed 'Coronene'),"Lemmens, Rijs & Buma 2021, ApJ 923, 238, Table A1 pages 9-10 (experimental columns), DOI 10.3847/1538-4357/ac2f9d"
62,hexa(peri)benzocoronene,C42H18,1582.4,0.61,FELIX,15.82,,0.0,15.82,CC-stretch (6.2 um),jet-cooled (molecular beam),pages 9-10 (continuation block mis-headed 'Coronene'),"Lemmens, Rijs & Buma 2021, ApJ 923, 238, Table A1 pages 9-10 (experimental columns), DOI 10.3847/1538-4357/ac2f9d"
62,hexa(peri)benzocoronene,C42H18,1628.2,0.06,FELIX,16.28,,0.0,16.28,CC-stretch (6.2 um),jet-cooled (molecular beam),pages 9-10 (continuation block mis-headed 'Coronene'),"Lemmens, Rijs & Buma 2021, ApJ 923, 238, Table A1 pages 9-10 (experimental columns), DOI 10.3847/1538-4357/ac2f9d"
62,hexa(peri)benzocoronene,C42H18,1647.6,0.1,FELIX,16.48,,0.0,16.48,CC-stretch (6.2 um),jet-cooled (molecular beam),pages 9-10 (continuation block mis-headed 'Coronene'),"Lemmens, Rijs & Buma 2021, ApJ 923, 238, Table A1 pages 9-10 (experimental columns), DOI 10.3847/1538-4357/ac2f9d"
62,hexa(peri)benzocoronene,C42H18,1686.3,0.06,FELIX,16.86,,0.0,16.86,overtone / combination region,jet-cooled (molecular beam),pages 9-10 (continuation block mis-headed 'Coronene'),"Lemmens, Rijs & Buma 2021, ApJ 923, 238, Table A1 pages 9-10 (experimental columns), DOI 10.3847/1538-4357/ac2f9d"
62,hexa(peri)benzocoronene,C42H18,1709.0,0.07,FELIX,17.09,,0.0,17.09,overtone / combination region,jet-cooled (molecular beam),pages 9-10 (continuation block mis-headed 'Coronene'),"Lemmens, Rijs & Buma 2021, ApJ 923, 238, Table A1 pages 9-10 (experimental columns), DOI 10.3847/1538-4357/ac2f9d"
62,hexa(peri)benzocoronene,C42H18,1726.0,0.05,FELIX,17.26,,0.0,17.26,overtone / combination region,jet-cooled (molecular beam),pages 9-10 (continuation block mis-headed 'Coronene'),"Lemmens, Rijs & Buma 2021, ApJ 923, 238, Table A1 pages 9-10 (experimental columns), DOI 10.3847/1538-4357/ac2f9d"
62,hexa(peri)benzocoronene,C42H18,1772.4,0.18,FELIX,17.72,,0.0,17.72,overtone / combination region,jet-cooled (molecular beam),pages 9-10 (continuation block mis-headed 'Coronene'),"Lemmens, Rijs & Buma 2021, ApJ 923, 238, Table A1 pages 9-10 (experimental columns), DOI 10.3847/1538-4357/ac2f9d"
62,hexa(peri)benzocoronene,C42H18,1847.3,0.09,FELIX,18.47,,0.0,18.47,overtone / combination region,jet-cooled (molecular beam),pages 9-10 (continuation block mis-headed 'Coronene'),"Lemmens, Rijs & Buma 2021, ApJ 923, 238, Table A1 pages 9-10 (experimental columns), DOI 10.3847/1538-4357/ac2f9d"
62,hexa(peri)benzocoronene,C42H18,1923.5,0.12,FELIX,19.23,,0.0,19.23,overtone / combination region,jet-cooled (molecular beam),pages 9-10 (continuation block mis-headed 'Coronene'),"Lemmens, Rijs & Buma 2021, ApJ 923, 238, Table A1 pages 9-10 (experimental columns), DOI 10.3847/1538-4357/ac2f9d"
62,hexa(peri)benzocoronene,C42H18,3007.2,0.04,OPO,0.1,,0.0,0.1,CH-stretch,jet-cooled (molecular beam),pages 9-10 (continuation block mis-headed 'Coronene'),"Lemmens, Rijs & Buma 2021, ApJ 923, 238, Table A1 pages 9-10 (experimental columns), DOI 10.3847/1538-4357/ac2f9d"
62,hexa(peri)benzocoronene,C42H18,3028.6,0.64,OPO,0.1,,0.0,0.1,CH-stretch,jet-cooled (molecular beam),pages 9-10 (continuation block mis-headed 'Coronene'),"Lemmens, Rijs & Buma 2021, ApJ 923, 238, Table A1 pages 9-10 (experimental columns), DOI 10.3847/1538-4357/ac2f9d"
62,hexa(peri)benzocoronene,C42H18,3046.1,0.06,OPO,0.1,,0.0,0.1,CH-stretch,jet-cooled (molecular beam),pages 9-10 (continuation block mis-headed 'Coronene'),"Lemmens, Rijs & Buma 2021, ApJ 923, 238, Table A1 pages 9-10 (experimental columns), DOI 10.3847/1538-4357/ac2f9d"
62,hexa(peri)benzocoronene,C42H18,3055.3,0.27,OPO,0.1,,0.0,0.1,CH-stretch,jet-cooled (molecular beam),pages 9-10 (continuation block mis-headed 'Coronene'),"Lemmens, Rijs & Buma 2021, ApJ 923, 238, Table A1 pages 9-10 (experimental columns), DOI 10.3847/1538-4357/ac2f9d"
62,hexa(peri)benzocoronene,C42H18,3061.4,0.37,OPO,0.1,,0.0,0.1,CH-stretch,jet-cooled (molecular beam),pages 9-10 (continuation block mis-headed 'Coronene'),"Lemmens, Rijs & Buma 2021, ApJ 923, 238, Table A1 pages 9-10 (experimental columns), DOI 10.3847/1538-4357/ac2f9d"
62,hexa(peri)benzocoronene,C42H18,3071.5,0.36,OPO,0.1,,0.0,0.1,CH-stretch,jet-cooled (molecular beam),pages 9-10 (continuation block mis-headed 'Coronene'),"Lemmens, Rijs & Buma 2021, ApJ 923, 238, Table A1 pages 9-10 (experimental columns), DOI 10.3847/1538-4357/ac2f9d"
62,hexa(peri)benzocoronene,C42H18,3087.5,0.4,OPO,0.1,,0.0,0.1,CH-stretch,jet-cooled (molecular beam),pages 9-10 (continuation block mis-headed 'Coronene'),"Lemmens, Rijs & Buma 2021, ApJ 923, 238, Table A1 pages 9-10 (experimental columns), DOI 10.3847/1538-4357/ac2f9d"
62,hexa(peri)benzocoronene,C42H18,3100.2,1.0,OPO,0.1,,0.0,0.1,CH-stretch,jet-cooled (molecular beam),pages 9-10 (continuation block mis-headed 'Coronene'),"Lemmens, Rijs & Buma 2021, ApJ 923, 238, Table A1 pages 9-10 (experimental columns), DOI 10.3847/1538-4357/ac2f9d"
62,hexa(peri)benzocoronene,C42H18,3109.2,0.5,OPO,0.1,,0.0,0.1,CH-stretch,jet-cooled (molecular beam),pages 9-10 (continuation block mis-headed 'Coronene'),"Lemmens, Rijs & Buma 2021, ApJ 923, 238, Table A1 pages 9-10 (experimental columns), DOI 10.3847/1538-4357/ac2f9d"
62,peropyrene,C26H14,182.4,0.04,FELIX,1.82,,0.0,1.82,low / skeletal,jet-cooled (molecular beam),page 10,"Lemmens, Rijs & Buma 2021, ApJ 923, 238, Table A1 pages 9-10 (experimental columns), DOI 10.3847/1538-4357/ac2f9d"
62,peropyrene,C26H14,186.0,0.05,FELIX,1.86,,0.0,1.86,low / skeletal,jet-cooled (molecular beam),page 10,"Lemmens, Rijs & Buma 2021, ApJ 923, 238, Table A1 pages 9-10 (experimental columns), DOI 10.3847/1538-4357/ac2f9d"
62,peropyrene,C26H14,221.8,0.08,FELIX,2.22,,0.0,2.22,low / skeletal,jet-cooled (molecular beam),page 10,"Lemmens, Rijs & Buma 2021, ApJ 923, 238, Table A1 pages 9-10 (experimental columns), DOI 10.3847/1538-4357/ac2f9d"
62,peropyrene,C26H14,492.9,0.03,FELIX,4.93,,0.0,4.93,low / skeletal,jet-cooled (molecular beam),page 10,"Lemmens, Rijs & Buma 2021, ApJ 923, 238, Table A1 pages 9-10 (experimental columns), DOI 10.3847/1538-4357/ac2f9d"
62,peropyrene,C26H14,506.1,0.05,FELIX,5.06,,0.0,5.06,low / skeletal,jet-cooled (molecular beam),page 10,"Lemmens, Rijs & Buma 2021, ApJ 923, 238, Table A1 pages 9-10 (experimental columns), DOI 10.3847/1538-4357/ac2f9d"
62,peropyrene,C26H14,548.5,0.07,FELIX,5.49,,0.0,5.49,low / skeletal,jet-cooled (molecular beam),page 10,"Lemmens, Rijs & Buma 2021, ApJ 923, 238, Table A1 pages 9-10 (experimental columns), DOI 10.3847/1538-4357/ac2f9d"
62,peropyrene,C26H14,666.7,0.19,FELIX,6.67,,0.0,6.67,CH-oop (10.5-15 um; benzene nu11 at 673 included),jet-cooled (molecular beam),page 10,"Lemmens, Rijs & Buma 2021, ApJ 923, 238, Table A1 pages 9-10 (experimental columns), DOI 10.3847/1538-4357/ac2f9d"
62,peropyrene,C26H14,749.8,0.16,FELIX,7.5,,0.0,7.5,CH-oop (10.5-15 um; benzene nu11 at 673 included),jet-cooled (molecular beam),page 10,"Lemmens, Rijs & Buma 2021, ApJ 923, 238, Table A1 pages 9-10 (experimental columns), DOI 10.3847/1538-4357/ac2f9d"
62,peropyrene,C26H14,772.0,0.06,FELIX,7.72,,0.0,7.72,CH-oop (10.5-15 um; benzene nu11 at 673 included),jet-cooled (molecular beam),page 10,"Lemmens, Rijs & Buma 2021, ApJ 923, 238, Table A1 pages 9-10 (experimental columns), DOI 10.3847/1538-4357/ac2f9d"
62,peropyrene,C26H14,797.0,1.0,FELIX,7.97,,0.0,7.97,CH-oop (10.5-15 um; benzene nu11 at 673 included),jet-cooled (molecular beam),page 10,"Lemmens, Rijs & Buma 2021, ApJ 923, 238, Table A1 pages 9-10 (experimental columns), DOI 10.3847/1538-4357/ac2f9d"
62,peropyrene,C26H14,837.2,0.94,FELIX,8.37,,0.0,8.37,CH-oop (10.5-15 um; benzene nu11 at 673 included),jet-cooled (molecular beam),page 10,"Lemmens, Rijs & Buma 2021, ApJ 923, 238, Table A1 pages 9-10 (experimental columns), DOI 10.3847/1538-4357/ac2f9d"
62,peropyrene,C26H14,869.2,0.16,FELIX,8.69,,0.0,8.69,CH-oop (10.5-15 um; benzene nu11 at 673 included),jet-cooled (molecular beam),page 10,"Lemmens, Rijs & Buma 2021, ApJ 923, 238, Table A1 pages 9-10 (experimental columns), DOI 10.3847/1538-4357/ac2f9d"
62,peropyrene,C26H14,965.4,0.22,FELIX,9.65,,0.0,9.65,ring / CH-ip (9-10.5 um),jet-cooled (molecular beam),page 10,"Lemmens, Rijs & Buma 2021, ApJ 923, 238, Table A1 pages 9-10 (experimental columns), DOI 10.3847/1538-4357/ac2f9d"
62,peropyrene,C26H14,1018.5,0.02,FELIX,10.19,,0.0,10.19,ring / CH-ip (9-10.5 um),jet-cooled (molecular beam),page 10,"Lemmens, Rijs & Buma 2021, ApJ 923, 238, Table A1 pages 9-10 (experimental columns), DOI 10.3847/1538-4357/ac2f9d"
62,peropyrene,C26H14,1050.5,0.45,FELIX,10.51,,0.0,10.51,ring / CH-ip (9-10.5 um),jet-cooled (molecular beam),page 10,"Lemmens, Rijs & Buma 2021, ApJ 923, 238, Table A1 pages 9-10 (experimental columns), DOI 10.3847/1538-4357/ac2f9d"
62,peropyrene,C26H14,1112.0,0.25,FELIX,11.12,,0.0,11.12,CH-ip-bend (8.6 um),jet-cooled (molecular beam),page 10,"Lemmens, Rijs & Buma 2021, ApJ 923, 238, Table A1 pages 9-10 (experimental columns), DOI 10.3847/1538-4357/ac2f9d"
62,peropyrene,C26H14,1155.0,0.11,FELIX,11.55,,0.0,11.55,CH-ip-bend (8.6 um),jet-cooled (molecular beam),page 10,"Lemmens, Rijs & Buma 2021, ApJ 923, 238, Table A1 pages 9-10 (experimental columns), DOI 10.3847/1538-4357/ac2f9d"
62,peropyrene,C26H14,1179.1,0.81,FELIX,11.79,,0.0,11.79,CH-ip-bend (8.6 um),jet-cooled (molecular beam),page 10,"Lemmens, Rijs & Buma 2021, ApJ 923, 238, Table A1 pages 9-10 (experimental columns), DOI 10.3847/1538-4357/ac2f9d"
62,peropyrene,C26H14,1231.9,0.28,FELIX,12.32,,0.0,12.32,CH-ip-bend (8.6 um),jet-cooled (molecular beam),page 10,"Lemmens, Rijs & Buma 2021, ApJ 923, 238, Table A1 pages 9-10 (experimental columns), DOI 10.3847/1538-4357/ac2f9d"
62,peropyrene,C26H14,1267.5,0.07,FELIX,12.68,,0.0,12.68,CC-stretch/CH-ip (7.7 um),jet-cooled (molecular beam),page 10,"Lemmens, Rijs & Buma 2021, ApJ 923, 238, Table A1 pages 9-10 (experimental columns), DOI 10.3847/1538-4357/ac2f9d"
62,peropyrene,C26H14,1293.6,0.5,FELIX,12.94,,0.0,12.94,CC-stretch/CH-ip (7.7 um),jet-cooled (molecular beam),page 10,"Lemmens, Rijs & Buma 2021, ApJ 923, 238, Table A1 pages 9-10 (experimental columns), DOI 10.3847/1538-4357/ac2f9d"
62,peropyrene,C26H14,1326.9,0.95,FELIX,13.27,,0.0,13.27,CC-stretch/CH-ip (7.7 um),jet-cooled (molecular beam),page 10,"Lemmens, Rijs & Buma 2021, ApJ 923, 238, Table A1 pages 9-10 (experimental columns), DOI 10.3847/1538-4357/ac2f9d"
62,peropyrene,C26H14,1384.6,0.29,FELIX,13.85,,0.0,13.85,CC-stretch/CH-ip (7.7 um),jet-cooled (molecular beam),page 10,"Lemmens, Rijs & Buma 2021, ApJ 923, 238, Table A1 pages 9-10 (experimental columns), DOI 10.3847/1538-4357/ac2f9d"
62,peropyrene,C26H14,1420.4,0.93,FELIX,14.2,,0.0,14.2,CC-stretch/CH-ip (7.7 um),jet-cooled (molecular beam),page 10,"Lemmens, Rijs & Buma 2021, ApJ 923, 238, Table A1 pages 9-10 (experimental columns), DOI 10.3847/1538-4357/ac2f9d"
62,peropyrene,C26H14,1482.8,0.76,FELIX,14.83,,0.0,14.83,CC-stretch/CH-ip (7.7 um),jet-cooled (molecular beam),page 10,"Lemmens, Rijs & Buma 2021, ApJ 923, 238, Table A1 pages 9-10 (experimental columns), DOI 10.3847/1538-4357/ac2f9d"
62,peropyrene,C26H14,1542.6,0.12,FELIX,15.43,,0.0,15.43,CC-stretch (6.2 um),jet-cooled (molecular beam),page 10,"Lemmens, Rijs & Buma 2021, ApJ 923, 238, Table A1 pages 9-10 (experimental columns), DOI 10.3847/1538-4357/ac2f9d"
62,peropyrene,C26H14,1576.1,1.16,FELIX,15.76,,0.0,15.76,CC-stretch (6.2 um),jet-cooled (molecular beam),page 10,"Lemmens, Rijs & Buma 2021, ApJ 923, 238, Table A1 pages 9-10 (experimental columns), DOI 10.3847/1538-4357/ac2f9d"
62,peropyrene,C26H14,1598.5,0.13,FELIX,15.99,,0.0,15.99,CC-stretch (6.2 um),jet-cooled (molecular beam),page 10,"Lemmens, Rijs & Buma 2021, ApJ 923, 238, Table A1 pages 9-10 (experimental columns), DOI 10.3847/1538-4357/ac2f9d"
