item,species,mode,irrep,origin_cm_as_printed,origin_cm,family,conditions,u_res_cm,head_to_origin_cm,u_T_cm,reading_precision_cm,fit_uncertainty_cm,u_band_cm_lower_bound,pirali2009_position_cm,pirali2009_u_band_cm,grade,source
105,naphthalene,nu48,c-type,166.65843(2),166.65843,low / skeletal,"nu35, nu19 jet-cooled (SPIRALES QCL, T_rot ~ 25 K); nu46, nu47, nu48, nu24 far-IR synchrotron FTS; rotationally resolved, Table 1 fitted centres",0.0,0.0,0.0,5e-06,2e-05,2.5e-05,166.4,0.503,"pdf (Table 1, 1 sigma fit uncertainty)","Chawananon, Pirali, Goubet & Asselin 2022, J. Chem. Phys. 157, 064301, DOI 10.1063/5.0096777"
105,naphthalene,nu24,b-type,359.06177(2),359.06177,low / skeletal,"nu35, nu19 jet-cooled (SPIRALES QCL, T_rot ~ 25 K); nu46, nu47, nu48, nu24 far-IR synchrotron FTS; rotationally resolved, Table 1 fitted centres",0.0,0.0,0.0,5e-06,2e-05,2.5e-05,358.7,0.503,"pdf (Table 1, 1 sigma fit uncertainty)","Chawananon, Pirali, Goubet & Asselin 2022, J. Chem. Phys. 157, 064301, DOI 10.1063/5.0096777"
105,naphthalene,nu47,c-type,473.73950(1),473.7395,low / skeletal,"nu35, nu19 jet-cooled (SPIRALES QCL, T_rot ~ 25 K); nu46, nu47, nu48, nu24 far-IR synchrotron FTS; rotationally resolved, Table 1 fitted centres",0.0,0.0,0.0,5e-06,1e-05,1.5000000000000002e-05,473.33,0.5,"pdf (Table 1, 1 sigma fit uncertainty)","Chawananon, Pirali, Goubet & Asselin 2022, J. Chem. Phys. 157, 064301, DOI 10.1063/5.0096777"
105,naphthalene,nu46,c-type,782.33081(1),782.33081,CH-oop (10.5-15 um; benzene nu11 at 673 included),"nu35, nu19 jet-cooled (SPIRALES QCL, T_rot ~ 25 K); nu46, nu47, nu48, nu24 far-IR synchrotron FTS; rotationally resolved, Table 1 fitted centres",0.0,0.0,0.0,5e-06,1e-05,1.5000000000000002e-05,782.33,0.5,"pdf (Table 1, 1 sigma fit uncertainty)","Chawananon, Pirali, Goubet & Asselin 2022, J. Chem. Phys. 157, 064301, DOI 10.1063/5.0096777"
105,naphthalene,nu35,a-type (in-plane C-H bend),1012.01379(4),1012.01379,ring / CH-ip (9-10.5 um),"nu35, nu19 jet-cooled (SPIRALES QCL, T_rot ~ 25 K); nu46, nu47, nu48, nu24 far-IR synchrotron FTS; rotationally resolved, Table 1 fitted centres",0.0,0.0,0.0,5e-06,4e-05,4.5e-05,1011.89,0.5,"pdf (Table 1, 1 sigma fit uncertainty)","Chawananon, Pirali, Goubet & Asselin 2022, J. Chem. Phys. 157, 064301, DOI 10.1063/5.0096777"
105,naphthalene,nu19,b-type (C-C ring stretch),1603.28695(5),1603.28695,CC-stretch (6.2 um),"nu35, nu19 jet-cooled (SPIRALES QCL, T_rot ~ 25 K); nu46, nu47, nu48, nu24 far-IR synchrotron FTS; rotationally resolved, Table 1 fitted centres",0.0,0.0,0.0,5e-06,5e-05,5.5e-05,,,"pdf (Table 1, 1 sigma fit uncertainty)","Chawananon, Pirali, Goubet & Asselin 2022, J. Chem. Phys. 157, 064301, DOI 10.1063/5.0096777"
72,naphthalene,nu46,b3u,782.330949,782.330949,CH-oop (10.5-15 um; benzene nu11 at 673 included),"room temperature, synchrotron FTIR 0.0008 cm-1, rotationally resolved",0.0,0.0,0.0,5e-07,,5e-07,782.33,0.5,abstract,"Albert, Albert, Lerch & Quack 2011, Faraday Discuss. 150, 71, DOI 10.1039/c0fd00013b"
73,naphthalene,nu46,b3u,782,782.0,CH-oop (10.5-15 um; benzene nu11 at 673 included),"nu46 jet-cooled (Jet-AILES); nu47, nu48 room temperature cell; rotationally resolved",0.0,0.0,0.0,0.5,,0.5,782.33,0.5,abstract,"Pirali, Goubet, Huet, Georges, Soulard, Asselin, Courbe, Roy & Vervloet 2013, PCCP 15, 10141, DOI 10.1039/c3cp44305a"
73,naphthalene,nu47,b3u,474,474.0,low / skeletal,"nu46 jet-cooled (Jet-AILES); nu47, nu48 room temperature cell; rotationally resolved",0.0,0.0,0.0,0.5,,0.5,473.33,0.5,abstract,"Pirali, Goubet, Huet, Georges, Soulard, Asselin, Courbe, Roy & Vervloet 2013, PCCP 15, 10141, DOI 10.1039/c3cp44305a"
73,naphthalene,nu48,b3u,167,167.0,low / skeletal,"nu46 jet-cooled (Jet-AILES); nu47, nu48 room temperature cell; rotationally resolved",0.0,0.0,0.0,0.5,,0.5,166.4,0.503,abstract,"Pirali, Goubet, Huet, Georges, Soulard, Asselin, Courbe, Roy & Vervloet 2013, PCCP 15, 10141, DOI 10.1039/c3cp44305a"
