uid,formula,n_c,sets,grid,rung
483,C9H7N,9,300K+50K+600K,300-3799/3500,
485,C9H7N,9,300K+50K+600K,300-3799/3500,
493,C9H7,9,300K+50K+600K,300-3799/3500,
495,C9H8,9,300K+50K+600K,300-3799/3500,
330,C10H8,10,300K+50K+600K+EXP,300-3799/3500,R1
332,C10H12,10,300K+50K+600K,300-3799/3500,
375,C10H9,10,300K+50K+600K,300-3799/3500,
376,C10H9,10,300K+50K+600K,300-3799/3500,
473,C10H9N,10,300K+50K+600K,300-3799/3500,
475,C10H9N,10,300K+50K+600K,300-3799/3500,
509,C10H7,10,300K+50K+600K,300-3799/3500,
511,C10H7,10,300K+50K+600K,300-3799/3500,
527,C10H8N,10,300K+50K+600K,300-3799/3500,
320,C11H10,11,300K+50K+600K,300-3799/3500,
322,C11H10,11,300K+50K+600K,300-3799/3500,
463,C11H7N,11,300K+50K+600K,300-3799/3500,
465,C11H7N,11,300K+50K+600K,300-3799/3500,
519,C11H9,11,300K+50K+600K,300-3799/3500,
521,C11H9,11,300K+50K+600K,300-3799/3500,
525,C11H8,11,300K+50K+600K,300-3799/3500,
202,C12H10,12,300K+50K+600K,300-3799/3500,
267,C12H8N2,12,300K+50K+600K+EXP,300-3799/3500,
385,C12H8,12,300K+50K+600K,300-3799/3500,
274,C13H9N,13,300K+50K+600K+EXP,300-3799/3500,
276,C13H9N,13,300K+50K+600K,300-3799/3500,
487,C13H9N,13,300K+50K+600K+EXP,300-3799/3500,
489,C13H9N,13,300K+50K+600K,300-3799/3500,
491,C13H9N,13,300K+50K+600K,300-3799/3500,
53,C13H9,13,300K+50K+600K,300-3799/3500,
54,C13H10,13,300K+50K+600K,300-3799/3500,
55,C13H10,13,300K+50K+600K,300-3799/3500,
265,C14H10,14,300K+50K+600K+EXP,300-3799/3500,
273,C14H10,14,300K+50K+600K+EXP,300-3799/3500,
338,C14H12,14,300K+50K+600K,300-3799/3500,
340,C14H12,14,300K+50K+600K,300-3799/3500,
477,C14H11N,14,300K+50K+600K,300-3799/3500,
479,C14H11N,14,300K+50K+600K,300-3799/3500,
481,C14H11N,14,300K+50K+600K,300-3799/3500,
513,C14H9,14,300K+50K+600K,300-3799/3500,
515,C14H9,14,300K+50K+600K,300-3799/3500,
517,C14H9,14,300K+50K+600K,300-3799/3500,
271,C15H9N,15,300K+50K+600K+EXP,300-3799/3500,
324,C15H12,15,300K+50K+600K,300-3799/3500,
326,C15H12,15,300K+50K+600K,300-3799/3500,
328,C15H12,15,300K+50K+600K,300-3799/3500,
341,C15H10,15,300K+50K+600K,300-3799/3500,
467,C15H9N,15,300K+50K+600K,300-3799/3500,
469,C15H9N,15,300K+50K+600K,300-3799/3500,
471,C15H9N,15,300K+50K+600K,300-3799/3500,
299,C16H10N2,16,300K+50K+600K,300-3799/3500,
334,C16H10,16,300K+50K+600K+EXP,300-3799/3500,R2
335,C16H12,16,300K+50K+600K,300-3799/3500,
337,C16H12,16,300K+50K+600K,300-3799/3500,
387,C16H10,16,300K+50K+600K+EXP,300-3799/3500,R2
2357,C17H11,17,300K+50K+600K,300-3799/3500,
285,C17H11N,17,300K+50K+600K+EXP,300-3799/3500,
287,C17H11N,17,300K+50K+600K+EXP,300-3799/3500,
289,C17H11N,17,300K+50K+600K,300-3799/3500,
293,C17H11N,17,300K+50K+600K+EXP,300-3799/3500,
295,C17H11N,17,300K+50K+600K+EXP,300-3799/3500,
297,C17H11N,17,300K+50K+600K,300-3799/3500,
342,C17H14,17,300K+50K+600K,300-3799/3500,
830,C17H11N,17,300K+50K+600K+EXP,300-3799/3500,
831,C17H11N,17,300K+50K+600K+EXP,300-3799/3500,
211,C18H12,18,300K+50K+600K,300-3799/3500,R2
2355,C18H12,18,300K+50K+600K,300-3799/3500,R2
2356,C18H12,18,300K+50K+600K,300-3799/3500,R2
280,C18H12,18,300K+50K+600K+EXP,300-3799/3500,R2
282,C18H12,18,300K+50K+600K+EXP,300-3799/3500,R2
291,C18H12,18,300K+50K+600K+EXP,300-3799/3500,R2
4015,C18H12,18,300K+50K+600K,300-3799/3500,R2
348,C19H12,19,300K+50K+600K,300-3799/3500,
349,C19H14,19,300K+50K+600K,300-3799/3500,
57,C19H11,19,300K+50K+600K,300-3799/3500,
58,C19H12,19,300K+50K+600K,300-3799/3500,
59,C19H12,19,300K+50K+600K,300-3799/3500,
60,C19H12,19,300K+50K+600K,300-3799/3500,
61,C19H12,19,300K+50K+600K,300-3799/3500,
62,C19H12,19,300K+50K+600K,300-3799/3500,
63,C19H12,19,300K+50K+600K,300-3799/3500,
159,C20H10,20,300K+50K+600K,300-3799/3500,
343,C20H12,20,300K+50K+600K+EXP,300-3799/3500,
344,C20H14,20,300K+50K+600K,300-3799/3500,
345,C20H12,20,300K+50K+600K,300-3799/3500,
346,C20H14,20,300K+50K+600K,300-3799/3500,
389,C20H12,20,300K+50K+600K+EXP,300-3799/3500,
391,C20H12,20,300K+50K+600K+EXP,300-3799/3500,
393,C20H12,20,300K+50K+600K+EXP,300-3799/3500,
395,C20H12,20,300K+50K+600K+EXP,300-3799/3500,
829,C20H12,20,300K+50K+600K,300-3799/3500,
2349,C21H13,21,300K+50K+600K,300-3799/3500,
2350,C21H13,21,300K+50K+600K,300-3799/3500,
2351,C21H13,21,300K+50K+600K,300-3799/3500,
2352,C21H13,21,300K+50K+600K,300-3799/3500,
2353,C21H13,21,300K+50K+600K,300-3799/3500,
2354,C21H13,21,300K+50K+600K,300-3799/3500,
303,C21H13N,21,300K+50K+600K+EXP,300-3799/3500,
309,C21H13N,21,300K+50K+600K+EXP,300-3799/3500,
311,C21H13N,21,300K+50K+600K+EXP,300-3799/3500,
833,C21H13N,21,300K+50K+600K+EXP,300-3799/3500,
2340,C22H14,22,300K+50K+600K,300-3799/3500,
2341,C22H14,22,300K+50K+600K,300-3799/3500,
2342,C22H14,22,300K+50K+600K,300-3799/3500,
2343,C22H14,22,300K+50K+600K,300-3799/3500,
2345,C22H14,22,300K+50K+600K,300-3799/3500,
2346,C22H14,22,300K+50K+600K,300-3799/3500,
2347,C22H12,22,300K+50K+600K,300-3799/3500,
2348,C22H12,22,300K+50K+600K,300-3799/3500,
284,C22H12,22,300K+50K+600K+EXP,300-3799/3500,
301,C22H14,22,300K+50K+600K,300-3799/3500,
305,C22H14,22,300K+50K+600K+EXP,300-3799/3500,
307,C22H14,22,300K+50K+600K+EXP,300-3799/3500,
356,C22H16,22,300K+50K+600K,300-3799/3500,
832,C22H14,22,300K+50K+600K,300-3799/3500,
223,C23H11N,23,300K+50K+600K,300-3799/3500,
226,C23H12N,23,300K+50K+600K,300-3799/3500,
227,C23H13N,23,300K+50K+600K,300-3799/3500,
229,C23H12N,23,300K+50K+600K,300-3799/3500,
230,C23H13N,23,300K+50K+600K,300-3799/3500,
231,C23H13N,23,300K+50K+600K,300-3799/3500,
232,C23H13N,23,300K+50K+600K,300-3799/3500,
2336,C23H13,23,300K+50K+600K,300-3799/3500,
2337,C23H13,23,300K+50K+600K,300-3799/3500,
2338,C23H13,23,300K+50K+600K,300-3799/3500,
2339,C23H13,23,300K+50K+600K,300-3799/3500,
18,C24H12,24,300K+50K+600K+EXP,300-3799/3500,R3
204,C24H14,24,300K+50K+600K,300-3799/3500,
206,C24H14,24,300K+50K+600K,300-3799/3500,
208,C24H14,24,300K+50K+600K,300-3799/3500,
2326,C24H14,24,300K+50K+600K,300-3799/3500,
2327,C24H14,24,300K+50K+600K,300-3799/3500,
2328,C24H14,24,300K+50K+600K,300-3799/3500,
2329,C24H14,24,300K+50K+600K,300-3799/3500,
2330,C24H14,24,300K+50K+600K,300-3799/3500,
2331,C24H14,24,300K+50K+600K,300-3799/3500,
2332,C24H14,24,300K+50K+600K,300-3799/3500,
2333,C24H14,24,300K+50K+600K,300-3799/3500,
2334,C24H14,24,300K+50K+600K,300-3799/3500,
2335,C24H14,24,300K+50K+600K,300-3799/3500,
357,C24H24,24,300K+50K+600K,300-3799/3500,
378,C24H16,24,300K+50K+600K,300-3799/3500,
379,C24H16,24,300K+50K+600K,300-3799/3500,
380,C24H16,24,300K+50K+600K,300-3799/3500,
381,C24H16,24,300K+50K+600K,300-3799/3500,
4003,C24H14,24,300K+50K+600K,300-3799/3500,
538,C24H14,24,300K+50K+600K+EXP,300-3799/3500,
2301,C25H15,25,300K+50K+600K,300-3799/3500,
2302,C25H15,25,300K+50K+600K,300-3799/3500,
2304,C25H15,25,300K+50K+600K,300-3799/3500,
2305,C25H15,25,300K+50K+600K,300-3799/3500,
2306,C25H15,25,300K+50K+600K,300-3799/3500,
2307,C25H15,25,300K+50K+600K,300-3799/3500,
2308,C25H15,25,300K+50K+600K,300-3799/3500,
2309,C25H15,25,300K+50K+600K,300-3799/3500,
2310,C25H15,25,300K+50K+600K,300-3799/3500,
2311,C25H15,25,300K+50K+600K,300-3799/3500,
2312,C25H15,25,300K+50K+600K,300-3799/3500,
2313,C25H15,25,300K+50K+600K,300-3799/3500,
2315,C25H15,25,300K+50K+600K,300-3799/3500,
2317,C25H15,25,300K+50K+600K,300-3799/3500,
2318,C25H15,25,300K+50K+600K,300-3799/3500,
2319,C25H15,25,300K+50K+600K,300-3799/3500,
2320,C25H15,25,300K+50K+600K,300-3799/3500,
2321,C25H15,25,300K+50K+600K,300-3799/3500,
2322,C25H15,25,300K+50K+600K,300-3799/3500,
2323,C25H13,25,300K+50K+600K,300-3799/3500,
2325,C25H13,25,300K+50K+600K,300-3799/3500,
314,C25H14,25,300K+50K+600K,300-3799/3500,
2260,C26H16,26,300K+50K+600K,300-3799/3500,
2261,C26H16,26,300K+50K+600K,300-3799/3500,
2262,C26H16,26,300K+50K+600K,300-3799/3500,
2263,C26H16,26,300K+50K+600K,300-3799/3500,
2269,C26H16,26,300K+50K+600K,300-3799/3500,
2270,C26H16,26,300K+50K+600K,300-3799/3500,
2271,C26H16,26,300K+50K+600K,300-3799/3500,
2272,C26H16,26,300K+50K+600K,300-3799/3500,
2273,C26H16,26,300K+50K+600K,300-3799/3500,
2274,C26H16,26,300K+50K+600K,300-3799/3500,
2275,C26H16,26,300K+50K+600K,300-3799/3500,
2276,C26H16,26,300K+50K+600K,300-3799/3500,
2277,C26H16,26,300K+50K+600K,300-3799/3500,
2278,C26H16,26,300K+50K+600K,300-3799/3500,
2279,C26H16,26,300K+50K+600K,300-3799/3500,
2280,C26H16,26,300K+50K+600K,300-3799/3500,
2281,C26H16,26,300K+50K+600K,300-3799/3500,
2282,C26H16,26,300K+50K+600K,300-3799/3500,
2283,C26H16,26,300K+50K+600K,300-3799/3500,
2284,C26H16,26,300K+50K+600K,300-3799/3500,
2285,C26H16,26,300K+50K+600K,300-3799/3500,
2286,C26H16,26,300K+50K+600K,300-3799/3500,
2287,C26H16,26,300K+50K+600K,300-3799/3500,
2288,C26H16,26,300K+50K+600K,300-3799/3500,
2289,C26H16,26,300K+50K+600K,300-3799/3500,
2290,C26H16,26,300K+50K+600K,300-3799/3500,
2291,C26H14,26,300K+50K+600K,300-3799/3500,
2292,C26H14,26,300K+50K+600K,300-3799/3500,
2293,C26H14,26,300K+50K+600K,300-3799/3500,
2294,C26H14,26,300K+50K+600K,300-3799/3500,
2295,C26H14,26,300K+50K+600K,300-3799/3500,
2296,C26H14,26,300K+50K+600K,300-3799/3500,
2297,C26H14,26,300K+50K+600K,300-3799/3500,
2298,C26H14,26,300K+50K+600K,300-3799/3500,
2299,C26H14,26,300K+50K+600K,300-3799/3500,
814,C26H16,26,300K+50K+600K,300-3799/3500,
2235,C27H15,27,300K+50K+600K,300-3799/3500,
2236,C27H15,27,300K+50K+600K,300-3799/3500,
2237,C27H15,27,300K+50K+600K,300-3799/3500,
2238,C27H15,27,300K+50K+600K,300-3799/3500,
2240,C27H15,27,300K+50K+600K,300-3799/3500,
2241,C27H15,27,300K+50K+600K,300-3799/3500,
2242,C27H15,27,300K+50K+600K,300-3799/3500,
2244,C27H15,27,300K+50K+600K,300-3799/3500,
2245,C27H15,27,300K+50K+600K,300-3799/3500,
2246,C27H15,27,300K+50K+600K,300-3799/3500,
2247,C27H15,27,300K+50K+600K,300-3799/3500,
2248,C27H15,27,300K+50K+600K,300-3799/3500,
2249,C27H15,27,300K+50K+600K,300-3799/3500,
2250,C27H15,27,300K+50K+600K,300-3799/3500,
2251,C27H15,27,300K+50K+600K,300-3799/3500,
2252,C27H15,27,300K+50K+600K,300-3799/3500,
2253,C27H15,27,300K+50K+600K,300-3799/3500,
2254,C27H15,27,300K+50K+600K,300-3799/3500,
2255,C27H15,27,300K+50K+600K,300-3799/3500,
2256,C27H15,27,300K+50K+600K,300-3799/3500,
2257,C27H15,27,300K+50K+600K,300-3799/3500,
2258,C27H15,27,300K+50K+600K,300-3799/3500,
2259,C27H15,27,300K+50K+600K,300-3799/3500,
66,C27H13,27,300K+50K+600K,300-3799/3500,
67,C27H14,27,300K+50K+600K,300-3799/3500,
68,C27H14,27,300K+50K+600K,300-3799/3500,
70,C27H14,27,300K+50K+600K,300-3799/3500,
71,C27H14,27,300K+50K+600K,300-3799/3500,
72,C27H14,27,300K+50K+600K,300-3799/3500,
73,C27H14,27,300K+50K+600K,300-3799/3500,
2167,C28H16,28,300K+50K+600K,300-3799/3500,
2168,C28H16,28,300K+50K+600K,300-3799/3500,
2169,C28H16,28,300K+50K+600K,300-3799/3500,
2170,C28H16,28,300K+50K+600K,300-3799/3500,
2171,C28H16,28,300K+50K+600K,300-3799/3500,
2172,C28H16,28,300K+50K+600K,300-3799/3500,
2173,C28H16,28,300K+50K+600K,300-3799/3500,
2174,C28H16,28,300K+50K+600K,300-3799/3500,
2175,C28H16,28,300K+50K+600K,300-3799/3500,
2176,C28H16,28,300K+50K+600K,300-3799/3500,
2177,C28H16,28,300K+50K+600K,300-3799/3500,
2178,C28H16,28,300K+50K+600K,300-3799/3500,
2181,C28H16,28,300K+50K+600K,300-3799/3500,
2182,C28H16,28,300K+50K+600K,300-3799/3500,
2183,C28H16,28,300K+50K+600K,300-3799/3500,
2184,C28H16,28,300K+50K+600K,300-3799/3500,
2185,C28H16,28,300K+50K+600K,300-3799/3500,
2186,C28H16,28,300K+50K+600K,300-3799/3500,
2187,C28H16,28,300K+50K+600K,300-3799/3500,
2190,C28H16,28,300K+50K+600K,300-3799/3500,
2191,C28H16,28,300K+50K+600K,300-3799/3500,
2192,C28H16,28,300K+50K+600K,300-3799/3500,
2193,C28H16,28,300K+50K+600K,300-3799/3500,
2194,C28H16,28,300K+50K+600K,300-3799/3500,
2195,C28H16,28,300K+50K+600K,300-3799/3500,
2196,C28H16,28,300K+50K+600K,300-3799/3500,
2197,C28H16,28,300K+50K+600K,300-3799/3500,
2199,C28H16,28,300K+50K+600K,300-3799/3500,
2200,C28H16,28,300K+50K+600K,300-3799/3500,
2201,C28H16,28,300K+50K+600K,300-3799/3500,
2202,C28H16,28,300K+50K+600K,300-3799/3500,
2203,C28H16,28,300K+50K+600K,300-3799/3500,
2204,C28H16,28,300K+50K+600K,300-3799/3500,
2205,C28H16,28,300K+50K+600K,300-3799/3500,
2206,C28H16,28,300K+50K+600K,300-3799/3500,
2207,C28H16,28,300K+50K+600K,300-3799/3500,
2208,C28H16,28,300K+50K+600K,300-3799/3500,
2209,C28H16,28,300K+50K+600K,300-3799/3500,
2210,C28H16,28,300K+50K+600K,300-3799/3500,
2212,C28H16,28,300K+50K+600K,300-3799/3500,
2213,C28H16,28,300K+50K+600K,300-3799/3500,
2215,C28H16,28,300K+50K+600K,300-3799/3500,
2216,C28H16,28,300K+50K+600K,300-3799/3500,
2217,C28H16,28,300K+50K+600K,300-3799/3500,
2218,C28H16,28,300K+50K+600K,300-3799/3500,
2219,C28H16,28,300K+50K+600K,300-3799/3500,
2220,C28H16,28,300K+50K+600K,300-3799/3500,
2221,C28H16,28,300K+50K+600K,300-3799/3500,
2222,C28H16,28,300K+50K+600K,300-3799/3500,
2223,C28H16,28,300K+50K+600K,300-3799/3500,
2224,C28H16,28,300K+50K+600K,300-3799/3500,
2225,C28H16,28,300K+50K+600K,300-3799/3500,
2226,C28H14,28,300K+50K+600K,300-3799/3500,
2227,C28H14,28,300K+50K+600K,300-3799/3500,
2228,C28H14,28,300K+50K+600K,300-3799/3500,
2229,C28H14,28,300K+50K+600K,300-3799/3500,
2230,C28H14,28,300K+50K+600K,300-3799/3500,
2231,C28H14,28,300K+50K+600K,300-3799/3500,
2232,C28H14,28,300K+50K+600K,300-3799/3500,
2233,C28H14,28,300K+50K+600K,300-3799/3500,
2234,C28H14,28,300K+50K+600K,300-3799/3500,
537,C28H16,28,300K+50K+600K+EXP,300-3799/3500,
726,C28H14,28,300K+50K+600K,300-3799/3500,
2055,C29H17,29,300K+50K+600K,300-3799/3500,
2056,C29H17,29,300K+50K+600K,300-3799/3500,
2057,C29H17,29,300K+50K+600K,300-3799/3500,
2058,C29H17,29,300K+50K+600K,300-3799/3500,
2059,C29H17,29,300K+50K+600K,300-3799/3500,
2060,C29H17,29,300K+50K+600K,300-3799/3500,
2061,C29H17,29,300K+50K+600K,300-3799/3500,
2062,C29H17,29,300K+50K+600K,300-3799/3500,
2063,C29H17,29,300K+50K+600K,300-3799/3500,
2064,C29H17,29,300K+50K+600K,300-3799/3500,
2065,C29H17,29,300K+50K+600K,300-3799/3500,
2066,C29H17,29,300K+50K+600K,300-3799/3500,
2067,C29H17,29,300K+50K+600K,300-3799/3500,
2068,C29H17,29,300K+50K+600K,300-3799/3500,
2069,C29H17,29,300K+50K+600K,300-3799/3500,
2070,C29H17,29,300K+50K+600K,300-3799/3500,
2071,C29H17,29,300K+50K+600K,300-3799/3500,
2073,C29H17,29,300K+50K+600K,300-3799/3500,
2075,C29H17,29,300K+50K+600K,300-3799/3500,
2076,C29H17,29,300K+50K+600K,300-3799/3500,
2078,C29H17,29,300K+50K+600K,300-3799/3500,
2081,C29H17,29,300K+50K+600K,300-3799/3500,
2085,C29H17,29,300K+50K+600K,300-3799/3500,
2086,C29H17,29,300K+50K+600K,300-3799/3500,
2087,C29H17,29,300K+50K+600K,300-3799/3500,
2088,C29H17,29,300K+50K+600K,300-3799/3500,
2089,C29H17,29,300K+50K+600K,300-3799/3500,
2090,C29H17,29,300K+50K+600K,300-3799/3500,
2091,C29H17,29,300K+50K+600K,300-3799/3500,
2092,C29H17,29,300K+50K+600K,300-3799/3500,
2093,C29H17,29,300K+50K+600K,300-3799/3500,
2094,C29H17,29,300K+50K+600K,300-3799/3500,
2095,C29H17,29,300K+50K+600K,300-3799/3500,
2096,C29H17,29,300K+50K+600K,300-3799/3500,
2097,C29H17,29,300K+50K+600K,300-3799/3500,
2099,C29H17,29,300K+50K+600K,300-3799/3500,
2100,C29H17,29,300K+50K+600K,300-3799/3500,
2101,C29H17,29,300K+50K+600K,300-3799/3500,
2105,C29H17,29,300K+50K+600K,300-3799/3500,
2107,C29H17,29,300K+50K+600K,300-3799/3500,
2110,C29H17,29,300K+50K+600K,300-3799/3500,
2111,C29H17,29,300K+50K+600K,300-3799/3500,
2112,C29H17,29,300K+50K+600K,300-3799/3500,
2113,C29H17,29,300K+50K+600K,300-3799/3500,
2114,C29H17,29,300K+50K+600K,300-3799/3500,
2115,C29H17,29,300K+50K+600K,300-3799/3500,
2116,C29H17,29,300K+50K+600K,300-3799/3500,
2117,C29H17,29,300K+50K+600K,300-3799/3500,
2118,C29H17,29,300K+50K+600K,300-3799/3500,
2119,C29H17,29,300K+50K+600K,300-3799/3500,
2121,C29H17,29,300K+50K+600K,300-3799/3500,
2123,C29H17,29,300K+50K+600K,300-3799/3500,
2124,C29H17,29,300K+50K+600K,300-3799/3500,
2125,C29H17,29,300K+50K+600K,300-3799/3500,
2126,C29H17,29,300K+50K+600K,300-3799/3500,
2127,C29H17,29,300K+50K+600K,300-3799/3500,
2128,C29H17,29,300K+50K+600K,300-3799/3500,
2129,C29H17,29,300K+50K+600K,300-3799/3500,
2131,C29H17,29,300K+50K+600K,300-3799/3500,
2133,C29H17,29,300K+50K+600K,300-3799/3500,
2134,C29H17,29,300K+50K+600K,300-3799/3500,
2136,C29H17,29,300K+50K+600K,300-3799/3500,
2137,C29H17,29,300K+50K+600K,300-3799/3500,
2138,C29H17,29,300K+50K+600K,300-3799/3500,
2141,C29H17,29,300K+50K+600K,300-3799/3500,
2144,C29H17,29,300K+50K+600K,300-3799/3500,
2146,C29H15,29,300K+50K+600K,300-3799/3500,
2147,C29H15,29,300K+50K+600K,300-3799/3500,
2148,C29H15,29,300K+50K+600K,300-3799/3500,
2149,C29H15,29,300K+50K+600K,300-3799/3500,
2150,C29H15,29,300K+50K+600K,300-3799/3500,
2151,C29H15,29,300K+50K+600K,300-3799/3500,
2152,C29H15,29,300K+50K+600K,300-3799/3500,
2153,C29H15,29,300K+50K+600K,300-3799/3500,
2154,C29H15,29,300K+50K+600K,300-3799/3500,
2155,C29H15,29,300K+50K+600K,300-3799/3500,
2156,C29H15,29,300K+50K+600K,300-3799/3500,
2157,C29H15,29,300K+50K+600K,300-3799/3500,
2158,C29H15,29,300K+50K+600K,300-3799/3500,
2159,C29H15,29,300K+50K+600K,300-3799/3500,
2160,C29H15,29,300K+50K+600K,300-3799/3500,
2161,C29H15,29,300K+50K+600K,300-3799/3500,
2162,C29H15,29,300K+50K+600K,300-3799/3500,
2163,C29H15,29,300K+50K+600K,300-3799/3500,
2164,C29H15,29,300K+50K+600K,300-3799/3500,
2165,C29H15,29,300K+50K+600K,300-3799/3500,
2166,C29H15,29,300K+50K+600K,300-3799/3500,
152,C30H14,30,300K+50K+600K,300-3799/3500,
1895,C30H18,30,300K+50K+600K,300-3799/3500,
1896,C30H18,30,300K+50K+600K,300-3799/3500,
1897,C30H18,30,300K+50K+600K,300-3799/3500,
1900,C30H18,30,300K+50K+600K,300-3799/3500,
1901,C30H18,30,300K+50K+600K,300-3799/3500,
1902,C30H18,30,300K+50K+600K,300-3799/3500,
1904,C30H18,30,300K+50K+600K,300-3799/3500,
1905,C30H18,30,300K+50K+600K,300-3799/3500,
1906,C30H18,30,300K+50K+600K,300-3799/3500,
1907,C30H18,30,300K+50K+600K,300-3799/3500,
1908,C30H18,30,300K+50K+600K,300-3799/3500,
1909,C30H18,30,300K+50K+600K,300-3799/3500,
1910,C30H18,30,300K+50K+600K,300-3799/3500,
1911,C30H18,30,300K+50K+600K,300-3799/3500,
1912,C30H18,30,300K+50K+600K,300-3799/3500,
1913,C30H18,30,300K+50K+600K,300-3799/3500,
1914,C30H18,30,300K+50K+600K,300-3799/3500,
1915,C30H18,30,300K+50K+600K,300-3799/3500,
1916,C30H18,30,300K+50K+600K,300-3799/3500,
1917,C30H18,30,300K+50K+600K,300-3799/3500,
1918,C30H18,30,300K+50K+600K,300-3799/3500,
1919,C30H18,30,300K+50K+600K,300-3799/3500,
1920,C30H18,30,300K+50K+600K,300-3799/3500,
1921,C30H18,30,300K+50K+600K,300-3799/3500,
1922,C30H18,30,300K+50K+600K,300-3799/3500,
1923,C30H18,30,300K+50K+600K,300-3799/3500,
1924,C30H18,30,300K+50K+600K,300-3799/3500,
1925,C30H18,30,300K+50K+600K,300-3799/3500,
1926,C30H18,30,300K+50K+600K,300-3799/3500,
1927,C30H18,30,300K+50K+600K,300-3799/3500,
1928,C30H18,30,300K+50K+600K,300-3799/3500,
1929,C30H18,30,300K+50K+600K,300-3799/3500,
1930,C30H18,30,300K+50K+600K,300-3799/3500,
1931,C30H18,30,300K+50K+600K,300-3799/3500,
1932,C30H18,30,300K+50K+600K,300-3799/3500,
1933,C30H18,30,300K+50K+600K,300-3799/3500,
1938,C30H18,30,300K+50K+600K,300-3799/3500,
1939,C30H18,30,300K+50K+600K,300-3799/3500,
1940,C30H18,30,300K+50K+600K,300-3799/3500,
1942,C30H18,30,300K+50K+600K,300-3799/3500,
1943,C30H18,30,300K+50K+600K,300-3799/3500,
1944,C30H18,30,300K+50K+600K,300-3799/3500,
1947,C30H18,30,300K+50K+600K,300-3799/3500,
1948,C30H18,30,300K+50K+600K,300-3799/3500,
1954,C30H18,30,300K+50K+600K,300-3799/3500,
1955,C30H18,30,300K+50K+600K,300-3799/3500,
1957,C30H18,30,300K+50K+600K,300-3799/3500,
1959,C30H18,30,300K+50K+600K,300-3799/3500,
1960,C30H18,30,300K+50K+600K,300-3799/3500,
1961,C30H18,30,300K+50K+600K,300-3799/3500,
1964,C30H18,30,300K+50K+600K,300-3799/3500,
1965,C30H18,30,300K+50K+600K,300-3799/3500,
1966,C30H18,30,300K+50K+600K,300-3799/3500,
1967,C30H18,30,300K+50K+600K,300-3799/3500,
1968,C30H18,30,300K+50K+600K,300-3799/3500,
1969,C30H18,30,300K+50K+600K,300-3799/3500,
1970,C30H18,30,300K+50K+600K,300-3799/3500,
1971,C30H18,30,300K+50K+600K,300-3799/3500,
1972,C30H18,30,300K+50K+600K,300-3799/3500,
1973,C30H18,30,300K+50K+600K,300-3799/3500,
1974,C30H18,30,300K+50K+600K,300-3799/3500,
1975,C30H18,30,300K+50K+600K,300-3799/3500,
1976,C30H18,30,300K+50K+600K,300-3799/3500,
1977,C30H18,30,300K+50K+600K,300-3799/3500,
1978,C30H18,30,300K+50K+600K,300-3799/3500,
1979,C30H18,30,300K+50K+600K,300-3799/3500,
1980,C30H18,30,300K+50K+600K,300-3799/3500,
1981,C30H18,30,300K+50K+600K,300-3799/3500,
1987,C30H18,30,300K+50K+600K,300-3799/3500,
1989,C30H18,30,300K+50K+600K,300-3799/3500,
1990,C30H16,30,300K+50K+600K,300-3799/3500,
1991,C30H16,30,300K+50K+600K,300-3799/3500,
1992,C30H16,30,300K+50K+600K,300-3799/3500,
1993,C30H16,30,300K+50K+600K,300-3799/3500,
1994,C30H16,30,300K+50K+600K,300-3799/3500,
1995,C30H16,30,300K+50K+600K,300-3799/3500,
1996,C30H16,30,300K+50K+600K,300-3799/3500,
1997,C30H16,30,300K+50K+600K,300-3799/3500,
1998,C30H16,30,300K+50K+600K,300-3799/3500,
1999,C30H16,30,300K+50K+600K,300-3799/3500,
2000,C30H16,30,300K+50K+600K,300-3799/3500,
2001,C30H16,30,300K+50K+600K,300-3799/3500,
2003,C30H16,30,300K+50K+600K,300-3799/3500,
2004,C30H16,30,300K+50K+600K,300-3799/3500,
2005,C30H16,30,300K+50K+600K,300-3799/3500,
2006,C30H16,30,300K+50K+600K,300-3799/3500,
2007,C30H16,30,300K+50K+600K,300-3799/3500,
2008,C30H16,30,300K+50K+600K,300-3799/3500,
2009,C30H16,30,300K+50K+600K,300-3799/3500,
2010,C30H16,30,300K+50K+600K,300-3799/3500,
2011,C30H16,30,300K+50K+600K,300-3799/3500,
2012,C30H16,30,300K+50K+600K,300-3799/3500,
2013,C30H16,30,300K+50K+600K,300-3799/3500,
2014,C30H16,30,300K+50K+600K,300-3799/3500,
2015,C30H16,30,300K+50K+600K,300-3799/3500,
2016,C30H16,30,300K+50K+600K,300-3799/3500,
2017,C30H16,30,300K+50K+600K,300-3799/3500,
2018,C30H16,30,300K+50K+600K,300-3799/3500,
2019,C30H16,30,300K+50K+600K,300-3799/3500,
2020,C30H16,30,300K+50K+600K,300-3799/3500,
2021,C30H16,30,300K+50K+600K,300-3799/3500,
2022,C30H16,30,300K+50K+600K,300-3799/3500,
2023,C30H16,30,300K+50K+600K,300-3799/3500,
2024,C30H16,30,300K+50K+600K,300-3799/3500,
2025,C30H16,30,300K+50K+600K,300-3799/3500,
2026,C30H16,30,300K+50K+600K,300-3799/3500,
2027,C30H16,30,300K+50K+600K,300-3799/3500,
2029,C30H16,30,300K+50K+600K,300-3799/3500,
2030,C30H16,30,300K+50K+600K,300-3799/3500,
2031,C30H16,30,300K+50K+600K,300-3799/3500,
2032,C30H16,30,300K+50K+600K,300-3799/3500,
2033,C30H16,30,300K+50K+600K,300-3799/3500,
2034,C30H16,30,300K+50K+600K,300-3799/3500,
2035,C30H16,30,300K+50K+600K,300-3799/3500,
2037,C30H16,30,300K+50K+600K,300-3799/3500,
2038,C30H16,30,300K+50K+600K,300-3799/3500,
2039,C30H16,30,300K+50K+600K,300-3799/3500,
2040,C30H16,30,300K+50K+600K,300-3799/3500,
2041,C30H16,30,300K+50K+600K,300-3799/3500,
2042,C30H16,30,300K+50K+600K,300-3799/3500,
2043,C30H16,30,300K+50K+600K,300-3799/3500,
2044,C30H16,30,300K+50K+600K,300-3799/3500,
2045,C30H16,30,300K+50K+600K,300-3799/3500,
2046,C30H16,30,300K+50K+600K,300-3799/3500,
2047,C30H16,30,300K+50K+600K,300-3799/3500,
2048,C30H16,30,300K+50K+600K,300-3799/3500,
2049,C30H16,30,300K+50K+600K,300-3799/3500,
2050,C30H16,30,300K+50K+600K,300-3799/3500,
2052,C30H16,30,300K+50K+600K,300-3799/3500,
2053,C30H16,30,300K+50K+600K,300-3799/3500,
2054,C30H16,30,300K+50K+600K,300-3799/3500,
3988,C30H18,30,300K+50K+600K,300-3799/3500,
4006,C30H16,30,300K+50K+600K,300-3799/3500,
817,C30H18,30,300K+50K+600K,300-3799/3500,
1769,C31H17,31,300K+50K+600K,300-3799/3500,
1770,C31H17,31,300K+50K+600K,300-3799/3500,
1771,C31H17,31,300K+50K+600K,300-3799/3500,
1772,C31H17,31,300K+50K+600K,300-3799/3500,
1773,C31H17,31,300K+50K+600K,300-3799/3500,
1777,C31H17,31,300K+50K+600K,300-3799/3500,
1778,C31H17,31,300K+50K+600K,300-3799/3500,
1779,C31H17,31,300K+50K+600K,300-3799/3500,
1780,C31H17,31,300K+50K+600K,300-3799/3500,
1781,C31H17,31,300K+50K+600K,300-3799/3500,
1782,C31H17,31,300K+50K+600K,300-3799/3500,
1783,C31H17,31,300K+50K+600K,300-3799/3500,
1785,C31H17,31,300K+50K+600K,300-3799/3500,
1786,C31H17,31,300K+50K+600K,300-3799/3500,
1788,C31H17,31,300K+50K+600K,300-3799/3500,
1789,C31H17,31,300K+50K+600K,300-3799/3500,
1790,C31H17,31,300K+50K+600K,300-3799/3500,
1791,C31H17,31,300K+50K+600K,300-3799/3500,
1792,C31H17,31,300K+50K+600K,300-3799/3500,
1793,C31H17,31,300K+50K+600K,300-3799/3500,
1794,C31H17,31,300K+50K+600K,300-3799/3500,
1795,C31H17,31,300K+50K+600K,300-3799/3500,
1796,C31H17,31,300K+50K+600K,300-3799/3500,
1797,C31H17,31,300K+50K+600K,300-3799/3500,
1799,C31H17,31,300K+50K+600K,300-3799/3500,
1800,C31H17,31,300K+50K+600K,300-3799/3500,
1801,C31H17,31,300K+50K+600K,300-3799/3500,
1802,C31H17,31,300K+50K+600K,300-3799/3500,
1803,C31H17,31,300K+50K+600K,300-3799/3500,
1804,C31H17,31,300K+50K+600K,300-3799/3500,
1805,C31H17,31,300K+50K+600K,300-3799/3500,
1806,C31H17,31,300K+50K+600K,300-3799/3500,
1807,C31H17,31,300K+50K+600K,300-3799/3500,
1808,C31H17,31,300K+50K+600K,300-3799/3500,
1809,C31H17,31,300K+50K+600K,300-3799/3500,
1810,C31H17,31,300K+50K+600K,300-3799/3500,
1811,C31H17,31,300K+50K+600K,300-3799/3500,
1812,C31H17,31,300K+50K+600K,300-3799/3500,
1813,C31H17,31,300K+50K+600K,300-3799/3500,
1814,C31H17,31,300K+50K+600K,300-3799/3500,
1817,C31H17,31,300K+50K+600K,300-3799/3500,
1819,C31H17,31,300K+50K+600K,300-3799/3500,
1821,C31H17,31,300K+50K+600K,300-3799/3500,
1822,C31H17,31,300K+50K+600K,300-3799/3500,
1823,C31H17,31,300K+50K+600K,300-3799/3500,
1824,C31H17,31,300K+50K+600K,300-3799/3500,
1828,C31H17,31,300K+50K+600K,300-3799/3500,
1829,C31H17,31,300K+50K+600K,300-3799/3500,
1830,C31H17,31,300K+50K+600K,300-3799/3500,
1831,C31H17,31,300K+50K+600K,300-3799/3500,
1832,C31H17,31,300K+50K+600K,300-3799/3500,
1833,C31H17,31,300K+50K+600K,300-3799/3500,
1834,C31H17,31,300K+50K+600K,300-3799/3500,
1835,C31H17,31,300K+50K+600K,300-3799/3500,
1836,C31H17,31,300K+50K+600K,300-3799/3500,
1837,C31H17,31,300K+50K+600K,300-3799/3500,
1838,C31H17,31,300K+50K+600K,300-3799/3500,
1840,C31H17,31,300K+50K+600K,300-3799/3500,
1841,C31H17,31,300K+50K+600K,300-3799/3500,
1842,C31H17,31,300K+50K+600K,300-3799/3500,
1843,C31H17,31,300K+50K+600K,300-3799/3500,
1844,C31H17,31,300K+50K+600K,300-3799/3500,
1845,C31H17,31,300K+50K+600K,300-3799/3500,
1847,C31H17,31,300K+50K+600K,300-3799/3500,
1848,C31H17,31,300K+50K+600K,300-3799/3500,
1850,C31H17,31,300K+50K+600K,300-3799/3500,
1851,C31H17,31,300K+50K+600K,300-3799/3500,
1852,C31H17,31,300K+50K+600K,300-3799/3500,
1853,C31H17,31,300K+50K+600K,300-3799/3500,
1854,C31H17,31,300K+50K+600K,300-3799/3500,
1855,C31H17,31,300K+50K+600K,300-3799/3500,
1856,C31H17,31,300K+50K+600K,300-3799/3500,
1858,C31H17,31,300K+50K+600K,300-3799/3500,
1859,C31H17,31,300K+50K+600K,300-3799/3500,
1860,C31H17,31,300K+50K+600K,300-3799/3500,
1861,C31H17,31,300K+50K+600K,300-3799/3500,
1862,C31H17,31,300K+50K+600K,300-3799/3500,
1863,C31H17,31,300K+50K+600K,300-3799/3500,
1864,C31H17,31,300K+50K+600K,300-3799/3500,
1865,C31H17,31,300K+50K+600K,300-3799/3500,
1866,C31H17,31,300K+50K+600K,300-3799/3500,
1867,C31H17,31,300K+50K+600K,300-3799/3500,
1868,C31H17,31,300K+50K+600K,300-3799/3500,
1869,C31H17,31,300K+50K+600K,300-3799/3500,
1870,C31H17,31,300K+50K+600K,300-3799/3500,
1871,C31H17,31,300K+50K+600K,300-3799/3500,
1872,C31H17,31,300K+50K+600K,300-3799/3500,
1874,C31H17,31,300K+50K+600K,300-3799/3500,
1875,C31H17,31,300K+50K+600K,300-3799/3500,
1876,C31H17,31,300K+50K+600K,300-3799/3500,
1877,C31H17,31,300K+50K+600K,300-3799/3500,
1878,C31H17,31,300K+50K+600K,300-3799/3500,
1879,C31H17,31,300K+50K+600K,300-3799/3500,
1880,C31H17,31,300K+50K+600K,300-3799/3500,
1881,C31H17,31,300K+50K+600K,300-3799/3500,
1882,C31H17,31,300K+50K+600K,300-3799/3500,
1883,C31H17,31,300K+50K+600K,300-3799/3500,
1884,C31H17,31,300K+50K+600K,300-3799/3500,
1885,C31H17,31,300K+50K+600K,300-3799/3500,
1889,C31H17,31,300K+50K+600K,300-3799/3500,
1890,C31H17,31,300K+50K+600K,300-3799/3500,
1892,C31H17,31,300K+50K+600K,300-3799/3500,
1894,C31H17,31,300K+50K+600K,300-3799/3500,
3226,C31H15,31,300K+50K+600K,300-3799/3500,
1502,C32H18,32,300K+50K+600K,300-3799/3500,
1503,C32H18,32,300K+50K+600K,300-3799/3500,
1505,C32H18,32,300K+50K+600K,300-3799/3500,
1506,C32H18,32,300K+50K+600K,300-3799/3500,
1507,C32H18,32,300K+50K+600K,300-3799/3500,
1508,C32H18,32,300K+50K+600K,300-3799/3500,
1509,C32H18,32,300K+50K+600K,300-3799/3500,
1510,C32H18,32,300K+50K+600K,300-3799/3500,
1511,C32H18,32,300K+50K+600K,300-3799/3500,
1512,C32H18,32,300K+50K+600K,300-3799/3500,
1513,C32H18,32,300K+50K+600K,300-3799/3500,
1514,C32H18,32,300K+50K+600K,300-3799/3500,
1515,C32H18,32,300K+50K+600K,300-3799/3500,
1516,C32H18,32,300K+50K+600K,300-3799/3500,
1517,C32H18,32,300K+50K+600K,300-3799/3500,
1518,C32H18,32,300K+50K+600K,300-3799/3500,
1519,C32H18,32,300K+50K+600K,300-3799/3500,
1520,C32H18,32,300K+50K+600K,300-3799/3500,
1521,C32H18,32,300K+50K+600K,300-3799/3500,
1522,C32H18,32,300K+50K+600K,300-3799/3500,
1523,C32H18,32,300K+50K+600K,300-3799/3500,
1524,C32H18,32,300K+50K+600K,300-3799/3500,
1527,C32H18,32,300K+50K+600K,300-3799/3500,
1528,C32H18,32,300K+50K+600K,300-3799/3500,
1533,C32H18,32,300K+50K+600K,300-3799/3500,
1534,C32H18,32,300K+50K+600K,300-3799/3500,
1537,C32H18,32,300K+50K+600K,300-3799/3500,
1538,C32H18,32,300K+50K+600K,300-3799/3500,
1541,C32H18,32,300K+50K+600K,300-3799/3500,
1542,C32H18,32,300K+50K+600K,300-3799/3500,
1544,C32H18,32,300K+50K+600K,300-3799/3500,
1546,C32H18,32,300K+50K+600K,300-3799/3500,
1550,C32H18,32,300K+50K+600K,300-3799/3500,
1551,C32H18,32,300K+50K+600K,300-3799/3500,
1553,C32H18,32,300K+50K+600K,300-3799/3500,
1554,C32H18,32,300K+50K+600K,300-3799/3500,
1555,C32H18,32,300K+50K+600K,300-3799/3500,
1556,C32H18,32,300K+50K+600K,300-3799/3500,
1557,C32H18,32,300K+50K+600K,300-3799/3500,
1558,C32H18,32,300K+50K+600K,300-3799/3500,
1559,C32H18,32,300K+50K+600K,300-3799/3500,
1560,C32H18,32,300K+50K+600K,300-3799/3500,
1561,C32H18,32,300K+50K+600K,300-3799/3500,
1563,C32H18,32,300K+50K+600K,300-3799/3500,
1564,C32H18,32,300K+50K+600K,300-3799/3500,
1565,C32H18,32,300K+50K+600K,300-3799/3500,
1566,C32H18,32,300K+50K+600K,300-3799/3500,
1567,C32H18,32,300K+50K+600K,300-3799/3500,
1568,C32H18,32,300K+50K+600K,300-3799/3500,
1571,C32H18,32,300K+50K+600K,300-3799/3500,
1573,C32H18,32,300K+50K+600K,300-3799/3500,
1574,C32H18,32,300K+50K+600K,300-3799/3500,
1576,C32H18,32,300K+50K+600K,300-3799/3500,
1577,C32H18,32,300K+50K+600K,300-3799/3500,
1579,C32H18,32,300K+50K+600K,300-3799/3500,
1581,C32H18,32,300K+50K+600K,300-3799/3500,
1582,C32H18,32,300K+50K+600K,300-3799/3500,
1584,C32H18,32,300K+50K+600K,300-3799/3500,
1585,C32H18,32,300K+50K+600K,300-3799/3500,
1586,C32H18,32,300K+50K+600K,300-3799/3500,
1589,C32H18,32,300K+50K+600K,300-3799/3500,
1590,C32H18,32,300K+50K+600K,300-3799/3500,
1591,C32H18,32,300K+50K+600K,300-3799/3500,
1592,C32H18,32,300K+50K+600K,300-3799/3500,
1593,C32H18,32,300K+50K+600K,300-3799/3500,
1594,C32H18,32,300K+50K+600K,300-3799/3500,
1596,C32H18,32,300K+50K+600K,300-3799/3500,
1597,C32H18,32,300K+50K+600K,300-3799/3500,
1598,C32H18,32,300K+50K+600K,300-3799/3500,
1599,C32H18,32,300K+50K+600K,300-3799/3500,
1601,C32H18,32,300K+50K+600K,300-3799/3500,
1603,C32H18,32,300K+50K+600K,300-3799/3500,
1604,C32H18,32,300K+50K+600K,300-3799/3500,
1605,C32H18,32,300K+50K+600K,300-3799/3500,
1607,C32H18,32,300K+50K+600K,300-3799/3500,
1612,C32H18,32,300K+50K+600K,300-3799/3500,
1613,C32H18,32,300K+50K+600K,300-3799/3500,
1614,C32H18,32,300K+50K+600K,300-3799/3500,
1616,C32H18,32,300K+50K+600K,300-3799/3500,
1617,C32H18,32,300K+50K+600K,300-3799/3500,
1618,C32H18,32,300K+50K+600K,300-3799/3500,
1619,C32H18,32,300K+50K+600K,300-3799/3500,
1620,C32H18,32,300K+50K+600K,300-3799/3500,
1621,C32H18,32,300K+50K+600K,300-3799/3500,
1622,C32H18,32,300K+50K+600K,300-3799/3500,
1623,C32H18,32,300K+50K+600K,300-3799/3500,
1624,C32H18,32,300K+50K+600K,300-3799/3500,
1625,C32H18,32,300K+50K+600K,300-3799/3500,
1626,C32H18,32,300K+50K+600K,300-3799/3500,
1627,C32H18,32,300K+50K+600K,300-3799/3500,
1630,C32H18,32,300K+50K+600K,300-3799/3500,
1631,C32H18,32,300K+50K+600K,300-3799/3500,
1632,C32H18,32,300K+50K+600K,300-3799/3500,
1633,C32H18,32,300K+50K+600K,300-3799/3500,
1634,C32H18,32,300K+50K+600K,300-3799/3500,
1635,C32H18,32,300K+50K+600K,300-3799/3500,
1636,C32H18,32,300K+50K+600K,300-3799/3500,
1637,C32H18,32,300K+50K+600K,300-3799/3500,
1638,C32H18,32,300K+50K+600K,300-3799/3500,
1639,C32H18,32,300K+50K+600K,300-3799/3500,
1640,C32H18,32,300K+50K+600K,300-3799/3500,
1641,C32H18,32,300K+50K+600K,300-3799/3500,
1643,C32H18,32,300K+50K+600K,300-3799/3500,
1644,C32H18,32,300K+50K+600K,300-3799/3500,
1645,C32H18,32,300K+50K+600K,300-3799/3500,
1646,C32H18,32,300K+50K+600K,300-3799/3500,
1647,C32H18,32,300K+50K+600K,300-3799/3500,
1648,C32H18,32,300K+50K+600K,300-3799/3500,
1650,C32H18,32,300K+50K+600K,300-3799/3500,
1651,C32H18,32,300K+50K+600K,300-3799/3500,
1652,C32H18,32,300K+50K+600K,300-3799/3500,
1653,C32H18,32,300K+50K+600K,300-3799/3500,
1654,C32H18,32,300K+50K+600K,300-3799/3500,
1655,C32H18,32,300K+50K+600K,300-3799/3500,
1659,C32H18,32,300K+50K+600K,300-3799/3500,
1664,C32H18,32,300K+50K+600K,300-3799/3500,
1665,C32H18,32,300K+50K+600K,300-3799/3500,
1669,C32H18,32,300K+50K+600K,300-3799/3500,
1674,C32H18,32,300K+50K+600K,300-3799/3500,
1675,C32H18,32,300K+50K+600K,300-3799/3500,
1677,C32H18,32,300K+50K+600K,300-3799/3500,
1680,C32H18,32,300K+50K+600K,300-3799/3500,
1681,C32H18,32,300K+50K+600K,300-3799/3500,
1682,C32H18,32,300K+50K+600K,300-3799/3500,
1683,C32H18,32,300K+50K+600K,300-3799/3500,
1684,C32H18,32,300K+50K+600K,300-3799/3500,
1687,C32H18,32,300K+50K+600K,300-3799/3500,
1688,C32H18,32,300K+50K+600K,300-3799/3500,
1689,C32H18,32,300K+50K+600K,300-3799/3500,
1690,C32H18,32,300K+50K+600K,300-3799/3500,
1691,C32H18,32,300K+50K+600K,300-3799/3500,
1692,C32H18,32,300K+50K+600K,300-3799/3500,
1693,C32H18,32,300K+50K+600K,300-3799/3500,
1694,C32H18,32,300K+50K+600K,300-3799/3500,
1695,C32H18,32,300K+50K+600K,300-3799/3500,
1696,C32H18,32,300K+50K+600K,300-3799/3500,
1697,C32H18,32,300K+50K+600K,300-3799/3500,
1698,C32H18,32,300K+50K+600K,300-3799/3500,
1702,C32H18,32,300K+50K+600K,300-3799/3500,
1706,C32H18,32,300K+50K+600K,300-3799/3500,
1707,C32H18,32,300K+50K+600K,300-3799/3500,
1708,C32H18,32,300K+50K+600K,300-3799/3500,
1709,C32H18,32,300K+50K+600K,300-3799/3500,
1710,C32H18,32,300K+50K+600K,300-3799/3500,
1712,C32H18,32,300K+50K+600K,300-3799/3500,
1713,C32H18,32,300K+50K+600K,300-3799/3500,
1714,C32H18,32,300K+50K+600K,300-3799/3500,
1715,C32H18,32,300K+50K+600K,300-3799/3500,
1717,C32H18,32,300K+50K+600K,300-3799/3500,
1718,C32H18,32,300K+50K+600K,300-3799/3500,
1719,C32H18,32,300K+50K+600K,300-3799/3500,
1720,C32H18,32,300K+50K+600K,300-3799/3500,
1721,C32H18,32,300K+50K+600K,300-3799/3500,
1722,C32H18,32,300K+50K+600K,300-3799/3500,
1723,C32H18,32,300K+50K+600K,300-3799/3500,
1724,C32H18,32,300K+50K+600K,300-3799/3500,
1728,C32H18,32,300K+50K+600K,300-3799/3500,
1731,C32H18,32,300K+50K+600K,300-3799/3500,
1732,C32H18,32,300K+50K+600K,300-3799/3500,
1733,C32H18,32,300K+50K+600K,300-3799/3500,
1735,C32H18,32,300K+50K+600K,300-3799/3500,
1736,C32H18,32,300K+50K+600K,300-3799/3500,
1737,C32H18,32,300K+50K+600K,300-3799/3500,
1738,C32H18,32,300K+50K+600K,300-3799/3500,
1740,C32H18,32,300K+50K+600K,300-3799/3500,
1743,C32H18,32,300K+50K+600K,300-3799/3500,
1745,C32H18,32,300K+50K+600K,300-3799/3500,
1747,C32H18,32,300K+50K+600K,300-3799/3500,
1748,C32H18,32,300K+50K+600K,300-3799/3500,
1749,C32H18,32,300K+50K+600K,300-3799/3500,
1750,C32H18,32,300K+50K+600K,300-3799/3500,
1751,C32H18,32,300K+50K+600K,300-3799/3500,
1752,C32H18,32,300K+50K+600K,300-3799/3500,
1753,C32H18,32,300K+50K+600K,300-3799/3500,
1754,C32H18,32,300K+50K+600K,300-3799/3500,
1755,C32H18,32,300K+50K+600K,300-3799/3500,
1756,C32H18,32,300K+50K+600K,300-3799/3500,
1758,C32H18,32,300K+50K+600K,300-3799/3500,
1759,C32H18,32,300K+50K+600K,300-3799/3500,
1760,C32H18,32,300K+50K+600K,300-3799/3500,
1763,C32H18,32,300K+50K+600K,300-3799/3500,
1765,C32H18,32,300K+50K+600K,300-3799/3500,
1767,C32H18,32,300K+50K+600K,300-3799/3500,
4,C32H14,32,300K+50K+600K,300-3799/3500,
535,C32H18,32,300K+50K+600K,300-3799/3500,
536,C32H18,32,300K+50K+600K+EXP,300-3799/3500,
591,C32H14,32,300K+50K+600K,300-3799/3500,
1144,C33H19,33,300K+50K+600K,300-3799/3500,
1147,C33H19,33,300K+50K+600K,300-3799/3500,
1148,C33H19,33,300K+50K+600K,300-3799/3500,
1150,C33H19,33,300K+50K+600K,300-3799/3500,
1151,C33H19,33,300K+50K+600K,300-3799/3500,
1152,C33H19,33,300K+50K+600K,300-3799/3500,
1153,C33H19,33,300K+50K+600K,300-3799/3500,
1154,C33H19,33,300K+50K+600K,300-3799/3500,
1155,C33H19,33,300K+50K+600K,300-3799/3500,
1156,C33H19,33,300K+50K+600K,300-3799/3500,
1157,C33H19,33,300K+50K+600K,300-3799/3500,
1158,C33H19,33,300K+50K+600K,300-3799/3500,
1159,C33H19,33,300K+50K+600K,300-3799/3500,
1160,C33H19,33,300K+50K+600K,300-3799/3500,
1161,C33H19,33,300K+50K+600K,300-3799/3500,
1162,C33H19,33,300K+50K+600K,300-3799/3500,
1163,C33H19,33,300K+50K+600K,300-3799/3500,
1166,C33H19,33,300K+50K+600K,300-3799/3500,
1167,C33H19,33,300K+50K+600K,300-3799/3500,
1168,C33H19,33,300K+50K+600K,300-3799/3500,
1169,C33H19,33,300K+50K+600K,300-3799/3500,
1170,C33H19,33,300K+50K+600K,300-3799/3500,
1172,C33H19,33,300K+50K+600K,300-3799/3500,
1173,C33H19,33,300K+50K+600K,300-3799/3500,
1174,C33H19,33,300K+50K+600K,300-3799/3500,
1175,C33H19,33,300K+50K+600K,300-3799/3500,
1176,C33H19,33,300K+50K+600K,300-3799/3500,
1177,C33H19,33,300K+50K+600K,300-3799/3500,
1178,C33H19,33,300K+50K+600K,300-3799/3500,
1179,C33H19,33,300K+50K+600K,300-3799/3500,
1180,C33H19,33,300K+50K+600K,300-3799/3500,
1181,C33H19,33,300K+50K+600K,300-3799/3500,
1182,C33H19,33,300K+50K+600K,300-3799/3500,
1183,C33H19,33,300K+50K+600K,300-3799/3500,
1184,C33H19,33,300K+50K+600K,300-3799/3500,
1186,C33H19,33,300K+50K+600K,300-3799/3500,
1187,C33H19,33,300K+50K+600K,300-3799/3500,
1188,C33H19,33,300K+50K+600K,300-3799/3500,
1189,C33H19,33,300K+50K+600K,300-3799/3500,
1190,C33H19,33,300K+50K+600K,300-3799/3500,
1191,C33H19,33,300K+50K+600K,300-3799/3500,
1192,C33H19,33,300K+50K+600K,300-3799/3500,
1194,C33H19,33,300K+50K+600K,300-3799/3500,
1195,C33H19,33,300K+50K+600K,300-3799/3500,
1196,C33H19,33,300K+50K+600K,300-3799/3500,
1197,C33H19,33,300K+50K+600K,300-3799/3500,
1198,C33H19,33,300K+50K+600K,300-3799/3500,
1199,C33H19,33,300K+50K+600K,300-3799/3500,
1200,C33H19,33,300K+50K+600K,300-3799/3500,
1201,C33H19,33,300K+50K+600K,300-3799/3500,
1202,C33H19,33,300K+50K+600K,300-3799/3500,
1203,C33H19,33,300K+50K+600K,300-3799/3500,
1205,C33H19,33,300K+50K+600K,300-3799/3500,
1206,C33H19,33,300K+50K+600K,300-3799/3500,
1207,C33H19,33,300K+50K+600K,300-3799/3500,
1208,C33H19,33,300K+50K+600K,300-3799/3500,
1209,C33H19,33,300K+50K+600K,300-3799/3500,
1210,C33H19,33,300K+50K+600K,300-3799/3500,
1214,C33H19,33,300K+50K+600K,300-3799/3500,
1215,C33H19,33,300K+50K+600K,300-3799/3500,
1216,C33H19,33,300K+50K+600K,300-3799/3500,
1217,C33H19,33,300K+50K+600K,300-3799/3500,
1221,C33H19,33,300K+50K+600K,300-3799/3500,
1222,C33H19,33,300K+50K+600K,300-3799/3500,
1224,C33H19,33,300K+50K+600K,300-3799/3500,
1225,C33H19,33,300K+50K+600K,300-3799/3500,
1226,C33H19,33,300K+50K+600K,300-3799/3500,
1227,C33H19,33,300K+50K+600K,300-3799/3500,
1228,C33H19,33,300K+50K+600K,300-3799/3500,
1229,C33H19,33,300K+50K+600K,300-3799/3500,
1230,C33H19,33,300K+50K+600K,300-3799/3500,
1232,C33H19,33,300K+50K+600K,300-3799/3500,
1233,C33H19,33,300K+50K+600K,300-3799/3500,
1234,C33H19,33,300K+50K+600K,300-3799/3500,
1235,C33H19,33,300K+50K+600K,300-3799/3500,
1236,C33H19,33,300K+50K+600K,300-3799/3500,
1238,C33H19,33,300K+50K+600K,300-3799/3500,
1239,C33H19,33,300K+50K+600K,300-3799/3500,
1240,C33H19,33,300K+50K+600K,300-3799/3500,
1241,C33H19,33,300K+50K+600K,300-3799/3500,
1243,C33H19,33,300K+50K+600K,300-3799/3500,
1244,C33H19,33,300K+50K+600K,300-3799/3500,
1245,C33H19,33,300K+50K+600K,300-3799/3500,
1246,C33H19,33,300K+50K+600K,300-3799/3500,
1247,C33H19,33,300K+50K+600K,300-3799/3500,
1248,C33H19,33,300K+50K+600K,300-3799/3500,
1249,C33H19,33,300K+50K+600K,300-3799/3500,
1250,C33H19,33,300K+50K+600K,300-3799/3500,
1252,C33H19,33,300K+50K+600K,300-3799/3500,
1253,C33H19,33,300K+50K+600K,300-3799/3500,
1256,C33H19,33,300K+50K+600K,300-3799/3500,
1258,C33H19,33,300K+50K+600K,300-3799/3500,
1259,C33H19,33,300K+50K+600K,300-3799/3500,
1260,C33H19,33,300K+50K+600K,300-3799/3500,
1262,C33H19,33,300K+50K+600K,300-3799/3500,
1265,C33H19,33,300K+50K+600K,300-3799/3500,
1267,C33H19,33,300K+50K+600K,300-3799/3500,
1268,C33H19,33,300K+50K+600K,300-3799/3500,
1272,C33H19,33,300K+50K+600K,300-3799/3500,
1274,C33H19,33,300K+50K+600K,300-3799/3500,
1275,C33H19,33,300K+50K+600K,300-3799/3500,
1277,C33H19,33,300K+50K+600K,300-3799/3500,
1278,C33H19,33,300K+50K+600K,300-3799/3500,
1279,C33H19,33,300K+50K+600K,300-3799/3500,
1281,C33H19,33,300K+50K+600K,300-3799/3500,
1282,C33H19,33,300K+50K+600K,300-3799/3500,
1283,C33H19,33,300K+50K+600K,300-3799/3500,
1284,C33H19,33,300K+50K+600K,300-3799/3500,
1287,C33H19,33,300K+50K+600K,300-3799/3500,
1289,C33H19,33,300K+50K+600K,300-3799/3500,
1295,C33H19,33,300K+50K+600K,300-3799/3500,
1296,C33H19,33,300K+50K+600K,300-3799/3500,
1297,C33H19,33,300K+50K+600K,300-3799/3500,
1298,C33H19,33,300K+50K+600K,300-3799/3500,
1299,C33H19,33,300K+50K+600K,300-3799/3500,
1301,C33H19,33,300K+50K+600K,300-3799/3500,
1302,C33H19,33,300K+50K+600K,300-3799/3500,
1304,C33H19,33,300K+50K+600K,300-3799/3500,
1305,C33H19,33,300K+50K+600K,300-3799/3500,
1306,C33H19,33,300K+50K+600K,300-3799/3500,
1307,C33H19,33,300K+50K+600K,300-3799/3500,
1308,C33H19,33,300K+50K+600K,300-3799/3500,
1309,C33H19,33,300K+50K+600K,300-3799/3500,
1310,C33H19,33,300K+50K+600K,300-3799/3500,
1311,C33H19,33,300K+50K+600K,300-3799/3500,
1312,C33H19,33,300K+50K+600K,300-3799/3500,
1313,C33H19,33,300K+50K+600K,300-3799/3500,
1314,C33H19,33,300K+50K+600K,300-3799/3500,
1317,C33H19,33,300K+50K+600K,300-3799/3500,
1318,C33H19,33,300K+50K+600K,300-3799/3500,
1319,C33H19,33,300K+50K+600K,300-3799/3500,
1321,C33H19,33,300K+50K+600K,300-3799/3500,
1323,C33H19,33,300K+50K+600K,300-3799/3500,
1324,C33H19,33,300K+50K+600K,300-3799/3500,
1325,C33H19,33,300K+50K+600K,300-3799/3500,
1326,C33H19,33,300K+50K+600K,300-3799/3500,
1327,C33H19,33,300K+50K+600K,300-3799/3500,
1328,C33H19,33,300K+50K+600K,300-3799/3500,
1329,C33H19,33,300K+50K+600K,300-3799/3500,
1330,C33H19,33,300K+50K+600K,300-3799/3500,
1331,C33H19,33,300K+50K+600K,300-3799/3500,
1332,C33H19,33,300K+50K+600K,300-3799/3500,
1334,C33H19,33,300K+50K+600K,300-3799/3500,
1335,C33H19,33,300K+50K+600K,300-3799/3500,
1337,C33H19,33,300K+50K+600K,300-3799/3500,
1338,C33H19,33,300K+50K+600K,300-3799/3500,
1339,C33H19,33,300K+50K+600K,300-3799/3500,
1340,C33H19,33,300K+50K+600K,300-3799/3500,
1341,C33H19,33,300K+50K+600K,300-3799/3500,
1342,C33H19,33,300K+50K+600K,300-3799/3500,
1343,C33H19,33,300K+50K+600K,300-3799/3500,
1344,C33H19,33,300K+50K+600K,300-3799/3500,
1345,C33H19,33,300K+50K+600K,300-3799/3500,
1346,C33H19,33,300K+50K+600K,300-3799/3500,
1347,C33H19,33,300K+50K+600K,300-3799/3500,
1348,C33H19,33,300K+50K+600K,300-3799/3500,
1349,C33H19,33,300K+50K+600K,300-3799/3500,
1350,C33H19,33,300K+50K+600K,300-3799/3500,
1351,C33H19,33,300K+50K+600K,300-3799/3500,
1353,C33H19,33,300K+50K+600K,300-3799/3500,
1354,C33H19,33,300K+50K+600K,300-3799/3500,
1355,C33H19,33,300K+50K+600K,300-3799/3500,
1356,C33H19,33,300K+50K+600K,300-3799/3500,
1357,C33H19,33,300K+50K+600K,300-3799/3500,
1359,C33H19,33,300K+50K+600K,300-3799/3500,
1360,C33H19,33,300K+50K+600K,300-3799/3500,
1361,C33H19,33,300K+50K+600K,300-3799/3500,
1362,C33H19,33,300K+50K+600K,300-3799/3500,
1363,C33H19,33,300K+50K+600K,300-3799/3500,
1364,C33H19,33,300K+50K+600K,300-3799/3500,
1365,C33H19,33,300K+50K+600K,300-3799/3500,
1366,C33H19,33,300K+50K+600K,300-3799/3500,
1369,C33H19,33,300K+50K+600K,300-3799/3500,
1371,C33H19,33,300K+50K+600K,300-3799/3500,
1373,C33H19,33,300K+50K+600K,300-3799/3500,
1375,C33H19,33,300K+50K+600K,300-3799/3500,
1377,C33H19,33,300K+50K+600K,300-3799/3500,
1378,C33H19,33,300K+50K+600K,300-3799/3500,
1379,C33H19,33,300K+50K+600K,300-3799/3500,
1380,C33H19,33,300K+50K+600K,300-3799/3500,
1381,C33H19,33,300K+50K+600K,300-3799/3500,
1385,C33H19,33,300K+50K+600K,300-3799/3500,
1387,C33H19,33,300K+50K+600K,300-3799/3500,
1389,C33H19,33,300K+50K+600K,300-3799/3500,
1396,C33H19,33,300K+50K+600K,300-3799/3500,
1397,C33H19,33,300K+50K+600K,300-3799/3500,
1398,C33H19,33,300K+50K+600K,300-3799/3500,
1399,C33H19,33,300K+50K+600K,300-3799/3500,
1400,C33H19,33,300K+50K+600K,300-3799/3500,
1403,C33H19,33,300K+50K+600K,300-3799/3500,
1405,C33H19,33,300K+50K+600K,300-3799/3500,
1406,C33H19,33,300K+50K+600K,300-3799/3500,
1407,C33H19,33,300K+50K+600K,300-3799/3500,
1408,C33H19,33,300K+50K+600K,300-3799/3500,
1409,C33H19,33,300K+50K+600K,300-3799/3500,
1410,C33H19,33,300K+50K+600K,300-3799/3500,
1411,C33H19,33,300K+50K+600K,300-3799/3500,
1412,C33H19,33,300K+50K+600K,300-3799/3500,
1413,C33H19,33,300K+50K+600K,300-3799/3500,
1414,C33H19,33,300K+50K+600K,300-3799/3500,
1415,C33H19,33,300K+50K+600K,300-3799/3500,
1417,C33H19,33,300K+50K+600K,300-3799/3500,
1419,C33H19,33,300K+50K+600K,300-3799/3500,
1420,C33H19,33,300K+50K+600K,300-3799/3500,
1421,C33H19,33,300K+50K+600K,300-3799/3500,
1422,C33H19,33,300K+50K+600K,300-3799/3500,
1423,C33H19,33,300K+50K+600K,300-3799/3500,
1424,C33H19,33,300K+50K+600K,300-3799/3500,
1425,C33H19,33,300K+50K+600K,300-3799/3500,
1426,C33H19,33,300K+50K+600K,300-3799/3500,
1427,C33H19,33,300K+50K+600K,300-3799/3500,
1428,C33H19,33,300K+50K+600K,300-3799/3500,
1430,C33H19,33,300K+50K+600K,300-3799/3500,
1434,C33H19,33,300K+50K+600K,300-3799/3500,
1435,C33H19,33,300K+50K+600K,300-3799/3500,
1436,C33H19,33,300K+50K+600K,300-3799/3500,
1437,C33H19,33,300K+50K+600K,300-3799/3500,
1438,C33H19,33,300K+50K+600K,300-3799/3500,
1439,C33H19,33,300K+50K+600K,300-3799/3500,
1440,C33H19,33,300K+50K+600K,300-3799/3500,
1441,C33H19,33,300K+50K+600K,300-3799/3500,
1443,C33H19,33,300K+50K+600K,300-3799/3500,
1445,C33H19,33,300K+50K+600K,300-3799/3500,
1446,C33H19,33,300K+50K+600K,300-3799/3500,
1449,C33H19,33,300K+50K+600K,300-3799/3500,
1450,C33H19,33,300K+50K+600K,300-3799/3500,
1451,C33H19,33,300K+50K+600K,300-3799/3500,
1452,C33H19,33,300K+50K+600K,300-3799/3500,
1453,C33H19,33,300K+50K+600K,300-3799/3500,
1454,C33H19,33,300K+50K+600K,300-3799/3500,
1455,C33H19,33,300K+50K+600K,300-3799/3500,
1456,C33H19,33,300K+50K+600K,300-3799/3500,
1457,C33H19,33,300K+50K+600K,300-3799/3500,
1458,C33H19,33,300K+50K+600K,300-3799/3500,
1459,C33H19,33,300K+50K+600K,300-3799/3500,
1460,C33H19,33,300K+50K+600K,300-3799/3500,
1461,C33H19,33,300K+50K+600K,300-3799/3500,
1463,C33H19,33,300K+50K+600K,300-3799/3500,
1466,C33H19,33,300K+50K+600K,300-3799/3500,
1473,C33H19,33,300K+50K+600K,300-3799/3500,
1475,C33H19,33,300K+50K+600K,300-3799/3500,
1476,C33H19,33,300K+50K+600K,300-3799/3500,
1477,C33H19,33,300K+50K+600K,300-3799/3500,
1479,C33H19,33,300K+50K+600K,300-3799/3500,
1482,C33H19,33,300K+50K+600K,300-3799/3500,
1485,C33H19,33,300K+50K+600K,300-3799/3500,
1486,C33H19,33,300K+50K+600K,300-3799/3500,
1487,C33H19,33,300K+50K+600K,300-3799/3500,
1488,C33H19,33,300K+50K+600K,300-3799/3500,
1489,C33H19,33,300K+50K+600K,300-3799/3500,
1490,C33H19,33,300K+50K+600K,300-3799/3500,
1491,C33H19,33,300K+50K+600K,300-3799/3500,
1494,C33H19,33,300K+50K+600K,300-3799/3500,
1497,C33H19,33,300K+50K+600K,300-3799/3500,
1500,C33H19,33,300K+50K+600K,300-3799/3500,
1501,C33H19,33,300K+50K+600K,300-3799/3500,
1000,C34H20,34,300K+50K+600K,300-3799/3500,
1001,C34H20,34,300K+50K+600K,300-3799/3500,
1002,C34H20,34,300K+50K+600K,300-3799/3500,
1003,C34H20,34,300K+50K+600K,300-3799/3500,
1004,C34H20,34,300K+50K+600K,300-3799/3500,
1005,C34H20,34,300K+50K+600K,300-3799/3500,
1010,C34H20,34,300K+50K+600K,300-3799/3500,
1014,C34H20,34,300K+50K+600K,300-3799/3500,
1015,C34H20,34,300K+50K+600K,300-3799/3500,
1020,C34H20,34,300K+50K+600K,300-3799/3500,
1021,C34H20,34,300K+50K+600K,300-3799/3500,
1027,C34H20,34,300K+50K+600K,300-3799/3500,
1029,C34H20,34,300K+50K+600K,300-3799/3500,
1031,C34H20,34,300K+50K+600K,300-3799/3500,
1033,C34H20,34,300K+50K+600K,300-3799/3500,
1035,C34H20,34,300K+50K+600K,300-3799/3500,
1036,C34H20,34,300K+50K+600K,300-3799/3500,
1038,C34H20,34,300K+50K+600K,300-3799/3500,
1040,C34H20,34,300K+50K+600K,300-3799/3500,
1041,C34H20,34,300K+50K+600K,300-3799/3500,
1042,C34H20,34,300K+50K+600K,300-3799/3500,
1043,C34H20,34,300K+50K+600K,300-3799/3500,
1044,C34H20,34,300K+50K+600K,300-3799/3500,
1045,C34H20,34,300K+50K+600K,300-3799/3500,
1049,C34H20,34,300K+50K+600K,300-3799/3500,
1050,C34H20,34,300K+50K+600K,300-3799/3500,
1051,C34H20,34,300K+50K+600K,300-3799/3500,
1052,C34H20,34,300K+50K+600K,300-3799/3500,
1055,C34H20,34,300K+50K+600K,300-3799/3500,
1057,C34H20,34,300K+50K+600K,300-3799/3500,
1058,C34H20,34,300K+50K+600K,300-3799/3500,
1060,C34H20,34,300K+50K+600K,300-3799/3500,
1061,C34H20,34,300K+50K+600K,300-3799/3500,
1062,C34H20,34,300K+50K+600K,300-3799/3500,
1065,C34H20,34,300K+50K+600K,300-3799/3500,
1066,C34H20,34,300K+50K+600K,300-3799/3500,
1068,C34H20,34,300K+50K+600K,300-3799/3500,
1069,C34H20,34,300K+50K+600K,300-3799/3500,
1070,C34H20,34,300K+50K+600K,300-3799/3500,
1071,C34H20,34,300K+50K+600K,300-3799/3500,
1074,C34H20,34,300K+50K+600K,300-3799/3500,
1076,C34H20,34,300K+50K+600K,300-3799/3500,
1077,C34H20,34,300K+50K+600K,300-3799/3500,
1078,C34H20,34,300K+50K+600K,300-3799/3500,
1080,C34H20,34,300K+50K+600K,300-3799/3500,
1081,C34H20,34,300K+50K+600K,300-3799/3500,
1082,C34H20,34,300K+50K+600K,300-3799/3500,
1083,C34H20,34,300K+50K+600K,300-3799/3500,
1084,C34H20,34,300K+50K+600K,300-3799/3500,
1085,C34H20,34,300K+50K+600K,300-3799/3500,
1086,C34H20,34,300K+50K+600K,300-3799/3500,
1087,C34H20,34,300K+50K+600K,300-3799/3500,
1088,C34H20,34,300K+50K+600K,300-3799/3500,
1089,C34H20,34,300K+50K+600K,300-3799/3500,
1090,C34H20,34,300K+50K+600K,300-3799/3500,
1091,C34H20,34,300K+50K+600K,300-3799/3500,
1092,C34H20,34,300K+50K+600K,300-3799/3500,
1093,C34H20,34,300K+50K+600K,300-3799/3500,
1096,C34H20,34,300K+50K+600K,300-3799/3500,
1098,C34H20,34,300K+50K+600K,300-3799/3500,
1101,C34H20,34,300K+50K+600K,300-3799/3500,
1102,C34H20,34,300K+50K+600K,300-3799/3500,
1103,C34H20,34,300K+50K+600K,300-3799/3500,
1104,C34H20,34,300K+50K+600K,300-3799/3500,
1108,C34H20,34,300K+50K+600K,300-3799/3500,
1112,C34H20,34,300K+50K+600K,300-3799/3500,
1113,C34H20,34,300K+50K+600K,300-3799/3500,
1117,C34H20,34,300K+50K+600K,300-3799/3500,
1124,C34H20,34,300K+50K+600K,300-3799/3500,
1126,C34H20,34,300K+50K+600K,300-3799/3500,
1127,C34H20,34,300K+50K+600K,300-3799/3500,
1128,C34H20,34,300K+50K+600K,300-3799/3500,
1129,C34H20,34,300K+50K+600K,300-3799/3500,
1142,C34H20,34,300K+50K+600K,300-3799/3500,
1143,C34H18,34,300K+50K+600K,300-3799/3500,
125,C34H16,34,300K+50K+600K+EXP,300-3799/3500,
3161,C34H16,34,300K+50K+600K,300-3799/3500,
820,C34H20,34,300K+50K+600K,300-3799/3500,
837,C34H20,34,300K+50K+600K,300-3799/3500,
838,C34H20,34,300K+50K+600K,300-3799/3500,
839,C34H20,34,300K+50K+600K,300-3799/3500,
841,C34H20,34,300K+50K+600K,300-3799/3500,
842,C34H20,34,300K+50K+600K,300-3799/3500,
843,C34H20,34,300K+50K+600K,300-3799/3500,
844,C34H20,34,300K+50K+600K,300-3799/3500,
845,C34H20,34,300K+50K+600K,300-3799/3500,
846,C34H20,34,300K+50K+600K,300-3799/3500,
847,C34H20,34,300K+50K+600K,300-3799/3500,
848,C34H20,34,300K+50K+600K,300-3799/3500,
849,C34H20,34,300K+50K+600K,300-3799/3500,
852,C34H20,34,300K+50K+600K,300-3799/3500,
854,C34H20,34,300K+50K+600K,300-3799/3500,
855,C34H20,34,300K+50K+600K,300-3799/3500,
856,C34H20,34,300K+50K+600K,300-3799/3500,
857,C34H20,34,300K+50K+600K,300-3799/3500,
859,C34H20,34,300K+50K+600K,300-3799/3500,
860,C34H20,34,300K+50K+600K,300-3799/3500,
861,C34H20,34,300K+50K+600K,300-3799/3500,
863,C34H20,34,300K+50K+600K,300-3799/3500,
864,C34H20,34,300K+50K+600K,300-3799/3500,
865,C34H20,34,300K+50K+600K,300-3799/3500,
866,C34H20,34,300K+50K+600K,300-3799/3500,
867,C34H20,34,300K+50K+600K,300-3799/3500,
868,C34H20,34,300K+50K+600K,300-3799/3500,
869,C34H20,34,300K+50K+600K,300-3799/3500,
870,C34H20,34,300K+50K+600K,300-3799/3500,
871,C34H20,34,300K+50K+600K,300-3799/3500,
872,C34H20,34,300K+50K+600K,300-3799/3500,
873,C34H20,34,300K+50K+600K,300-3799/3500,
874,C34H20,34,300K+50K+600K,300-3799/3500,
875,C34H20,34,300K+50K+600K,300-3799/3500,
876,C34H20,34,300K+50K+600K,300-3799/3500,
877,C34H20,34,300K+50K+600K,300-3799/3500,
879,C34H20,34,300K+50K+600K,300-3799/3500,
880,C34H20,34,300K+50K+600K,300-3799/3500,
881,C34H20,34,300K+50K+600K,300-3799/3500,
882,C34H20,34,300K+50K+600K,300-3799/3500,
883,C34H20,34,300K+50K+600K,300-3799/3500,
884,C34H20,34,300K+50K+600K,300-3799/3500,
885,C34H20,34,300K+50K+600K,300-3799/3500,
886,C34H20,34,300K+50K+600K,300-3799/3500,
888,C34H20,34,300K+50K+600K,300-3799/3500,
889,C34H20,34,300K+50K+600K,300-3799/3500,
890,C34H20,34,300K+50K+600K,300-3799/3500,
891,C34H20,34,300K+50K+600K,300-3799/3500,
892,C34H20,34,300K+50K+600K,300-3799/3500,
893,C34H20,34,300K+50K+600K,300-3799/3500,
894,C34H20,34,300K+50K+600K,300-3799/3500,
895,C34H20,34,300K+50K+600K,300-3799/3500,
896,C34H20,34,300K+50K+600K,300-3799/3500,
897,C34H20,34,300K+50K+600K,300-3799/3500,
898,C34H20,34,300K+50K+600K,300-3799/3500,
900,C34H20,34,300K+50K+600K,300-3799/3500,
901,C34H20,34,300K+50K+600K,300-3799/3500,
902,C34H20,34,300K+50K+600K,300-3799/3500,
903,C34H20,34,300K+50K+600K,300-3799/3500,
904,C34H20,34,300K+50K+600K,300-3799/3500,
905,C34H20,34,300K+50K+600K,300-3799/3500,
907,C34H20,34,300K+50K+600K,300-3799/3500,
908,C34H20,34,300K+50K+600K,300-3799/3500,
909,C34H20,34,300K+50K+600K,300-3799/3500,
910,C34H20,34,300K+50K+600K,300-3799/3500,
911,C34H20,34,300K+50K+600K,300-3799/3500,
912,C34H20,34,300K+50K+600K,300-3799/3500,
913,C34H20,34,300K+50K+600K,300-3799/3500,
914,C34H20,34,300K+50K+600K,300-3799/3500,
916,C34H20,34,300K+50K+600K,300-3799/3500,
917,C34H20,34,300K+50K+600K,300-3799/3500,
918,C34H20,34,300K+50K+600K,300-3799/3500,
919,C34H20,34,300K+50K+600K,300-3799/3500,
920,C34H20,34,300K+50K+600K,300-3799/3500,
921,C34H20,34,300K+50K+600K,300-3799/3500,
922,C34H20,34,300K+50K+600K,300-3799/3500,
923,C34H20,34,300K+50K+600K,300-3799/3500,
924,C34H20,34,300K+50K+600K,300-3799/3500,
925,C34H20,34,300K+50K+600K,300-3799/3500,
926,C34H20,34,300K+50K+600K,300-3799/3500,
931,C34H20,34,300K+50K+600K,300-3799/3500,
932,C34H20,34,300K+50K+600K,300-3799/3500,
934,C34H20,34,300K+50K+600K,300-3799/3500,
940,C34H20,34,300K+50K+600K,300-3799/3500,
941,C34H20,34,300K+50K+600K,300-3799/3500,
942,C34H20,34,300K+50K+600K,300-3799/3500,
945,C34H20,34,300K+50K+600K,300-3799/3500,
946,C34H20,34,300K+50K+600K,300-3799/3500,
947,C34H20,34,300K+50K+600K,300-3799/3500,
950,C34H20,34,300K+50K+600K,300-3799/3500,
951,C34H20,34,300K+50K+600K,300-3799/3500,
961,C34H20,34,300K+50K+600K,300-3799/3500,
962,C34H20,34,300K+50K+600K,300-3799/3500,
965,C34H20,34,300K+50K+600K,300-3799/3500,
966,C34H20,34,300K+50K+600K,300-3799/3500,
967,C34H20,34,300K+50K+600K,300-3799/3500,
969,C34H20,34,300K+50K+600K,300-3799/3500,
971,C34H20,34,300K+50K+600K,300-3799/3500,
979,C34H20,34,300K+50K+600K,300-3799/3500,
980,C34H20,34,300K+50K+600K,300-3799/3500,
983,C34H20,34,300K+50K+600K,300-3799/3500,
985,C34H20,34,300K+50K+600K,300-3799/3500,
988,C34H20,34,300K+50K+600K,300-3799/3500,
989,C34H20,34,300K+50K+600K,300-3799/3500,
992,C34H20,34,300K+50K+600K,300-3799/3500,
995,C34H20,34,300K+50K+600K,300-3799/3500,
998,C34H20,34,300K+50K+600K,300-3799/3500,
3229,C35H15,35,300K+50K+600K,300-3799/3500,
128,C36H16,36,300K+50K+600K+EXP,300-3799/3500,
154,C36H16,36,300K+50K+600K+EXP,300-3799/3500,
3991,C36H18,36,300K+50K+600K,300-3799/3500,
3994,C36H18,36,300K+50K+600K,300-3799/3500,
3997,C36H18,36,300K+50K+600K,300-3799/3500,
4000,C36H20,36,300K+50K+600K,300-3799/3500,
534,C36H20,36,300K+50K+600K+EXP,300-3799/3500,
3232,C37H15,37,300K+50K+600K,300-3799/3500,
3164,C38H16,38,300K+50K+600K,300-3799/3500,
131,C40H18,40,300K+50K+600K+EXP,300-3799/3500,
533,C40H22,40,300K+50K+600K+EXP,300-3799/3500,
555,C40H18,40,300K+50K+600K+EXP,300-3799/3500,
625,C40H16,40,300K+50K+600K,300-3799/3500,
105,C42H18,42,300K+50K+600K+EXP,300-3799/3500,
134,C42H18,42,300K+50K+600K+EXP,300-3799/3500,
137,C42H22,42,EXP,300-3799/3500,
156,C42H22,42,300K+50K+600K,300-3799/3500,
3969,C42H22,42,300K+50K+600K,300-3799/3500,
3970,C42H22,42,300K+50K+600K,300-3799/3500,
3973,C42H24,42,300K+50K+600K,300-3799/3500,
3976,C42H18,42,300K+50K+600K,300-3799/3500,
3983,C42H20,42,300K+50K+600K,300-3799/3500,
3984,C42H20,42,300K+50K+600K,300-3799/3500,
3985,C42H20,42,300K+50K+600K,300-3799/3500,
620,C42H16,42,300K+50K+600K,300-3799/3500,
3235,C43H17,43,300K+50K+600K,300-3799/3500,
140,C44H20,44,300K+50K+600K+EXP,300-3799/3500,
3238,C45H17,45,300K+50K+600K,300-3799/3500,
718,C45H15,45,300K+50K+600K,300-3799/3500,
3169,C46H18,46,300K+50K+600K,300-3799/3500,
76,C47H17,47,300K+50K+600K,300-3799/3500,
78,C47H18,47,300K+50K+600K,300-3799/3500,
79,C47H18,47,300K+50K+600K,300-3799/3500,
80,C47H18,47,300K+50K+600K,300-3799/3500,
81,C47H18,47,300K+50K+600K,300-3799/3500,
82,C47H18,47,300K+50K+600K,300-3799/3500,
83,C47H18,47,300K+50K+600K,300-3799/3500,
84,C47H18,47,300K+50K+600K,300-3799/3500,
85,C47H18,47,300K+50K+600K,300-3799/3500,
86,C47H18,47,300K+50K+600K,300-3799/3500,
100,C48H20,48,300K+50K+600K+EXP,300-3799/3500,
143,C48H22,48,300K+50K+600K+EXP,300-3799/3500,
146,C48H20,48,300K+50K+600K+EXP,300-3799/3500,
35,C48H18,48,300K+50K+600K,300-3799/3500,
3912,C48H26,48,300K+50K+600K,300-3799/3500,
3913,C48H26,48,300K+50K+600K,300-3799/3500,
3930,C48H24,48,300K+50K+600K,300-3799/3500,
3931,C48H24,48,300K+50K+600K,300-3799/3500,
3932,C48H24,48,300K+50K+600K,300-3799/3500,
3933,C48H24,48,300K+50K+600K,300-3799/3500,
3937,C48H22,48,300K+50K+600K,300-3799/3500,
3938,C48H22,48,300K+50K+600K,300-3799/3500,
3939,C48H22,48,300K+50K+600K,300-3799/3500,
3940,C48H22,48,300K+50K+600K,300-3799/3500,
3941,C48H22,48,300K+50K+600K,300-3799/3500,
3942,C48H22,48,300K+50K+600K,300-3799/3500,
3943,C48H22,48,300K+50K+600K,300-3799/3500,
3944,C48H22,48,300K+50K+600K,300-3799/3500,
3952,C48H20,48,300K+50K+600K,300-3799/3500,
635,C48H18,48,300K+50K+600K,300-3799/3500,
149,C50H22,50,300K+50K+600K+EXP,300-3799/3500,
3241,C51H19,51,300K+50K+600K,300-3799/3500,
3173,C52H18,52,300K+50K+600K,300-3799/3500,
834,C52H18,52,300K+50K+600K,300-3799/3500,
835,C52H17,52,300K+50K+600K,300-3799/3500,
826,C53H16,53,300K+50K+600K,300-3799/3500,
3176,C54H20,54,300K+50K+600K,300-3799/3500,
37,C54H18,54,300K+50K+600K,300-3799/3500,
3826,C54H28,54,300K+50K+600K,300-3799/3500,
3827,C54H28,54,300K+50K+600K,300-3799/3500,
3828,C54H28,54,300K+50K+600K,300-3799/3500,
3835,C54H30,54,300K+50K+600K,300-3799/3500,
3836,C54H30,54,300K+50K+600K,300-3799/3500,
3837,C54H30,54,300K+50K+600K,300-3799/3500,
3846,C54H26,54,300K+50K+600K,300-3799/3500,
3849,C54H26,54,300K+50K+600K,300-3799/3500,
3850,C54H26,54,300K+50K+600K,300-3799/3500,
3851,C54H26,54,300K+50K+600K,300-3799/3500,
3852,C54H26,54,300K+50K+600K,300-3799/3500,
3853,C54H26,54,300K+50K+600K,300-3799/3500,
3854,C54H26,54,300K+50K+600K,300-3799/3500,
3856,C54H26,54,300K+50K+600K,300-3799/3500,
3867,C54H24,54,300K+50K+600K,300-3799/3500,
3868,C54H24,54,300K+50K+600K,300-3799/3500,
3869,C54H24,54,300K+50K+600K,300-3799/3500,
3870,C54H24,54,300K+50K+600K,300-3799/3500,
3871,C54H24,54,300K+50K+600K,300-3799/3500,
3872,C54H24,54,300K+50K+600K,300-3799/3500,
3873,C54H24,54,300K+50K+600K,300-3799/3500,
3874,C54H24,54,300K+50K+600K,300-3799/3500,
3875,C54H24,54,300K+50K+600K,300-3799/3500,
3876,C54H24,54,300K+50K+600K,300-3799/3500,
3885,C54H24,54,300K+50K+600K,300-3799/3500,
3886,C54H24,54,300K+50K+600K,300-3799/3500,
3922,C54H22,54,300K+50K+600K,300-3799/3500,
3923,C54H22,54,300K+50K+600K,300-3799/3500,
3924,C54H22,54,300K+50K+600K,300-3799/3500,
3925,C54H22,54,300K+50K+600K,300-3799/3500,
823,C54H20,54,300K+50K+600K,300-3799/3500,
828,C54H18,54,300K+50K+600K,300-3799/3500,
836,C54H18,54,300K+50K+600K,300-3799/3500,
316,C55H20,55,300K+50K+600K,300-3799/3500,
3244,C55H19,55,300K+50K+600K,300-3799/3500,
3179,C56H20,56,300K+50K+600K,300-3799/3500,
806,C56H20,56,300K+50K+600K,300-3799/3500,
807,C56H20,56,300K+50K+600K,300-3799/3500,
646,C57H19,57,300K+50K+600K,300-3799/3500,
3182,C58H20,58,300K+50K+600K,300-3799/3500,
809,C58H22,58,300K+50K+600K,300-3799/3500,
3247,C59H21,59,300K+50K+600K,300-3799/3500,
89,C59H19,59,300K+50K+600K,300-3799/3500,
90,C59H20,59,300K+50K+600K,300-3799/3500,
91,C59H20,59,300K+50K+600K,300-3799/3500,
92,C59H20,59,300K+50K+600K,300-3799/3500,
93,C59H20,59,300K+50K+600K,300-3799/3500,
94,C59H20,59,300K+50K+600K,300-3799/3500,
95,C59H20,59,300K+50K+600K,300-3799/3500,
96,C59H20,59,300K+50K+600K,300-3799/3500,
97,C59H20,59,300K+50K+600K,300-3799/3500,
98,C59H20,59,300K+50K+600K,300-3799/3500,
99,C59H20,59,300K+50K+600K,300-3799/3500,
3586,C60H32,60,300K+50K+600K,300-3799/3500,
3587,C60H32,60,300K+50K+600K,300-3799/3500,
3588,C60H32,60,300K+50K+600K,300-3799/3500,
3589,C60H32,60,300K+50K+600K,300-3799/3500,
3599,C60H30,60,300K+50K+600K,300-3799/3500,
3600,C60H30,60,300K+50K+600K,300-3799/3500,
3601,C60H30,60,300K+50K+600K,300-3799/3500,
3602,C60H30,60,300K+50K+600K,300-3799/3500,
3603,C60H30,60,300K+50K+600K,300-3799/3500,
3604,C60H30,60,300K+50K+600K,300-3799/3500,
3605,C60H30,60,300K+50K+600K,300-3799/3500,
3606,C60H30,60,300K+50K+600K,300-3799/3500,
3607,C60H30,60,300K+50K+600K,300-3799/3500,
3608,C60H30,60,300K+50K+600K,300-3799/3500,
3609,C60H30,60,300K+50K+600K,300-3799/3500,
3630,C60H28,60,300K+50K+600K,300-3799/3500,
3641,C60H28,60,300K+50K+600K,300-3799/3500,
3642,C60H28,60,300K+50K+600K,300-3799/3500,
3643,C60H28,60,300K+50K+600K,300-3799/3500,
3644,C60H28,60,300K+50K+600K,300-3799/3500,
3645,C60H28,60,300K+50K+600K,300-3799/3500,
3646,C60H28,60,300K+50K+600K,300-3799/3500,
3647,C60H28,60,300K+50K+600K,300-3800/3499,
3649,C60H28,60,300K+50K+600K,300-3799/3500,
3651,C60H28,60,300K+50K+600K,300-3799/3500,
3652,C60H28,60,300K+50K+600K,300-3799/3500,
3653,C60H28,60,300K+50K+600K,300-3799/3500,
3658,C60H28,60,300K+50K+600K,300-3799/3500,
3659,C60H28,60,300K+50K+600K,300-3799/3500,
3661,C60H28,60,300K+50K+600K,300-3799/3500,
3662,C60H28,60,300K+50K+600K,300-3799/3500,
3664,C60H28,60,300K+50K+600K,300-3799/3500,
3665,C60H28,60,300K+50K+600K,300-3799/3500,
3666,C60H28,60,300K+50K+600K,300-3799/3500,
3667,C60H28,60,300K+50K+600K,300-3799/3500,
3705,C60H26,60,300K+50K+600K,300-3799/3500,
3706,C60H26,60,300K+50K+600K,300-3799/3500,
3707,C60H26,60,300K+50K+600K,300-3799/3500,
3708,C60H26,60,300K+50K+600K,300-3799/3500,
3709,C60H26,60,300K+50K+600K,300-3799/3500,
3710,C60H26,60,300K+50K+600K,300-3799/3500,
3720,C60H26,60,300K+50K+600K,300-3799/3500,
3721,C60H26,60,300K+50K+600K,300-3799/3500,
3722,C60H26,60,300K+50K+600K,300-3799/3500,
3723,C60H26,60,300K+50K+600K,300-3799/3500,
3724,C60H26,60,300K+50K+600K,300-3799/3500,
3725,C60H26,60,300K+50K+600K,300-3799/3500,
3726,C60H26,60,300K+50K+600K,300-3799/3500,
3727,C60H26,60,300K+50K+600K,300-3799/3500,
3728,C60H26,60,300K+50K+600K,300-3799/3500,
3729,C60H26,60,300K+50K+600K,300-3799/3500,
3730,C60H26,60,300K+50K+600K,300-3799/3500,
3731,C60H26,60,300K+50K+600K,300-3799/3500,
3732,C60H26,60,300K+50K+600K,300-3799/3500,
3733,C60H26,60,300K+50K+600K,300-3799/3500,
3734,C60H26,60,300K+50K+600K,300-3799/3500,
3735,C60H26,60,300K+50K+600K,300-3799/3500,
3736,C60H26,60,300K+50K+600K,300-3799/3500,
3739,C60H26,60,300K+50K+600K,300-3799/3500,
3740,C60H26,60,300K+50K+600K,300-3799/3500,
3741,C60H26,60,300K+50K+600K,300-3799/3500,
3792,C60H24,60,300K+50K+600K,300-3799/3500,
3793,C60H24,60,300K+50K+600K,300-3799/3500,
3794,C60H24,60,300K+50K+600K,300-3799/3500,
3795,C60H24,60,300K+50K+600K,300-3799/3500,
3796,C60H24,60,300K+50K+600K,300-3799/3500,
3797,C60H24,60,300K+50K+600K,300-3799/3500,
3798,C60H24,60,300K+50K+600K,300-3799/3500,
3799,C60H24,60,300K+50K+600K,300-3799/3500,
3800,C60H24,60,300K+50K+600K,300-3799/3500,
3811,C60H22,60,300K+50K+600K,300-3799/3500,
812,C60H24,60,300K+50K+600K,300-3799/3500,
3185,C62H20,62,300K+50K+600K,300-3799/3500,
727,C63H21,63,300K+50K+600K,300-3799/3500,
3188,C64H20,64,300K+50K+600K,300-3799/3500,
3191,C64H22,64,300K+50K+600K,300-3799/3500,
3249,C65H21,65,300K+50K+600K,300-3799/3500,
115,C66H20,66,300K+50K+600K,300-3799/3500,
3595,C66H24,66,300K+50K+600K,300-3799/3500,
594,C66H20,66,300K+50K+600K,300-3799/3500,
597,C66H20,66,300K+50K+600K,300-3799/3500,
600,C66H20,66,300K+50K+600K,300-3799/3500,
603,C66H20,66,300K+50K+600K,300-3799/3500,
713,C66H18,66,300K+50K+600K,300-3799/3500,
714,C66H18,66,300K+50K+600K,300-3799/3500,
3252,C67H21,67,300K+50K+600K,300-3799/3500,
3255,C67H23,67,300K+50K+600K,300-3799/3500,
656,C67H21,67,300K+50K+600K,300-3799/3500,
659,C71H21,71,300K+50K+600K,300-3799/3500,
3194,C72H22,72,300K+50K+600K,300-3799/3500,
3539,C72H26,72,300K+50K+600K,300-3799/3500,
3540,C72H26,72,300K+50K+600K,300-3799/3500,
3541,C72H26,72,300K+50K+600K,300-3799/3500,
3542,C72H26,72,300K+50K+600K,300-3799/3500,
3543,C72H26,72,300K+50K+600K,300-3799/3500,
3544,C72H26,72,300K+50K+600K,300-3799/3500,
3545,C72H26,72,300K+50K+600K,300-3799/3500,
3547,C72H26,72,300K+50K+600K,300-3799/3500,
3548,C72H26,72,300K+50K+600K,300-3799/3500,
3549,C72H26,72,300K+50K+600K,300-3799/3500,
3564,C72H26,72,300K+50K+600K,300-3799/3500,
3565,C72H26,72,300K+50K+600K,300-3799/3500,
3566,C72H26,72,300K+50K+600K,300-3799/3500,
3573,C72H24,72,300K+50K+600K,300-3799/3500,
3257,C73H21,73,300K+50K+600K,300-3799/3500,
3197,C76H22,76,300K+50K+600K,300-3799/3500,
3260,C77H23,77,300K+50K+600K,300-3799/3500,
120,C78H22,78,300K+50K+600K,300-3799/3500,
3430,C78H28,78,300K+50K+600K,300-3799/3500,
3431,C78H28,78,300K+50K+600K,300-3799/3500,
3432,C78H28,78,300K+50K+600K,300-3799/3500,
3433,C78H28,78,300K+50K+600K,300-3799/3500,
3434,C78H28,78,300K+50K+600K,300-3799/3500,
3435,C78H28,78,300K+50K+600K,300-3799/3500,
3438,C78H28,78,300K+50K+600K,300-3799/3500,
3439,C78H28,78,300K+50K+600K,300-3799/3500,
3440,C78H28,78,300K+50K+600K,300-3799/3500,
3441,C78H28,78,300K+50K+600K,300-3799/3500,
3442,C78H28,78,300K+50K+600K,300-3799/3500,
3443,C78H28,78,300K+50K+600K,300-3799/3500,
3444,C78H28,78,300K+50K+600K,300-3799/3500,
3447,C78H28,78,300K+50K+600K,300-3799/3500,
3449,C78H28,78,300K+50K+600K,300-3799/3500,
3450,C78H28,78,300K+50K+600K,300-3799/3500,
3451,C78H28,78,300K+50K+600K,300-3799/3500,
3452,C78H28,78,300K+50K+600K,300-3799/3500,
3453,C78H28,78,300K+50K+600K,300-3799/3500,
3454,C78H28,78,300K+50K+600K,300-3799/3500,
3455,C78H28,78,300K+50K+600K,300-3799/3500,
3456,C78H28,78,300K+50K+600K,300-3799/3500,
3457,C78H28,78,300K+50K+600K,300-3799/3500,
3458,C78H28,78,300K+50K+600K,300-3799/3500,
3463,C78H28,78,300K+50K+600K,300-3799/3500,
3464,C78H28,78,300K+50K+600K,300-3799/3500,
3465,C78H28,78,300K+50K+600K,300-3799/3500,
3466,C78H28,78,300K+50K+600K,300-3799/3500,
3467,C78H28,78,300K+50K+600K,300-3799/3500,
3528,C78H26,78,300K+50K+600K,300-3799/3500,
3529,C78H26,78,300K+50K+600K,300-3799/3500,
3537,C78H26,78,300K+50K+600K,300-3799/3500,
3538,C78H26,78,300K+50K+600K,300-3799/3500,
3263,C79H23,79,300K+50K+600K,300-3799/3500,
3200,C80H22,80,300K+50K+600K,300-3799/3500,
719,C80H20,80,300K+50K+600K,300-3799/3500,
3203,C82H24,82,300K+50K+600K,300-3799/3500,
3265,C83H23,83,300K+50K+600K,300-3799/3500,
174,C84H24,84,300K+50K+600K,300-3799/3500,
3381,C84H28,84,300K+50K+600K,300-3799/3500,
3382,C84H28,84,300K+50K+600K,300-3799/3500,
3383,C84H28,84,300K+50K+600K,300-3799/3500,
3384,C84H28,84,300K+50K+600K,300-3799/3500,
3391,C84H28,84,300K+50K+600K,300-3799/3500,
3392,C84H28,84,300K+50K+600K,300-3799/3500,
3393,C84H28,84,300K+50K+600K,300-3799/3500,
3394,C84H28,84,300K+50K+600K,300-3799/3500,
3395,C84H28,84,300K+50K+600K,300-3799/3500,
3401,C84H28,84,300K+50K+600K,300-3799/3500,
3402,C84H28,84,300K+50K+600K,300-3799/3500,
3403,C84H28,84,300K+50K+600K,300-3799/3500,
3404,C84H28,84,300K+50K+600K,300-3799/3500,
3405,C84H28,84,300K+50K+600K,300-3799/3500,
3422,C84H26,84,300K+50K+600K,300-3799/3500,
3271,C87H25,87,300K+50K+600K,300-3799/3500,
649,C87H23,87,300K+50K+600K,300-3799/3500,
650,C87H24,87,300K+50K+600K,300-3799/3500,
3206,C88H24,88,300K+50K+600K,300-3799/3500,
171,C90H30,90,300K+50K+600K,300-3799/3500,
3367,C90H28,90,300K+50K+600K,300-3799/3500,
3368,C90H28,90,300K+50K+600K,300-3799/3500,
3369,C90H28,90,300K+50K+600K,300-3799/3500,
3370,C90H28,90,300K+50K+600K,300-3799/3500,
618,C90H24,90,300K+50K+600K,300-3799/3500,
638,C90H24,90,300K+50K+600K,300-3799/3500,
3273,C91H25,91,300K+50K+600K,300-3799/3500,
3275,C93H25,93,300K+50K+600K,300-3799/3500,
3211,C94H24,94,300K+50K+600K,300-3799/3500,
3277,C95H25,95,300K+50K+600K,300-3799/3500,
3280,C95H27,95,300K+50K+600K,300-3799/3500,
108,C96H24,96,300K+50K+600K,300-3799/3500,
189,C96H28,96,300K+50K+600K,300-3799/3500,
3306,C96H30,96,300K+50K+600K,300-3799/3500,
3307,C96H30,96,300K+50K+600K,300-3799/3500,
3308,C96H30,96,300K+50K+600K,300-3799/3500,
3310,C96H30,96,300K+50K+600K,300-3799/3500,
3311,C96H30,96,300K+50K+600K,300-3799/3500,
3312,C96H30,96,300K+50K+600K,300-3799/3500,
3313,C96H30,96,300K+50K+600K,300-3799/3500,
3314,C96H30,96,300K+50K+600K,300-3799/3500,
3315,C96H30,96,300K+50K+600K,300-3799/3500,
3316,C96H30,96,300K+50K+600K,300-3799/3500,
3317,C96H30,96,300K+50K+600K,300-3799/3500,
3322,C96H30,96,300K+50K+600K,300-3799/3500,
3323,C96H30,96,300K+50K+600K,300-3799/3500,
3324,C96H30,96,300K+50K+600K,300-3799/3500,
3325,C96H30,96,300K+50K+600K,300-3799/3500,
3326,C96H30,96,300K+50K+600K,300-3799/3500,
3327,C96H30,96,300K+50K+600K,300-3799/3500,
3328,C96H30,96,300K+50K+600K,300-3799/3500,
3329,C96H30,96,300K+50K+600K,300-3799/3500,
3330,C96H30,96,300K+50K+600K,300-3799/3500,
3331,C96H30,96,300K+50K+600K,300-3799/3500,
3373,C96H28,96,300K+50K+600K,300-3799/3500,
564,C96H26,96,300K+50K+600K,300-3799/3500,
682,C96H25,96,300K+50K+600K,300-3799/3500,
683,C96H25,96,300K+50K+600K,300-3799/3500,
684,C96H25,96,300K+50K+600K,300-3799/3500,
685,C96H25,96,300K+50K+600K,300-3799/3500,
687,C96H25,96,300K+50K+600K,300-3799/3500,
688,C96H25,96,300K+50K+600K,300-3799/3500,
689,C96H25,96,300K+50K+600K,300-3799/3500,
690,C96H25,96,300K+50K+600K,300-3799/3500,
691,C96H26,96,300K+50K+600K,300-3799/3500,
693,C96H23,96,300K+50K+600K,300-3799/3500,
696,C96H23,96,300K+50K+600K,300-3799/3500,
699,C96H22,96,300K+50K+600K,300-3799/3500,
799,C97H26,97,300K+50K+600K,300-3799/3500,
800,C97H26,97,300K+50K+600K,300-3799/3500,
565,C98H28,98,300K+50K+600K,300-3799/3500,
567,C98H28,98,300K+50K+600K,300-3799/3500,
801,C98H26,98,300K+50K+600K,300-3799/3500,
3282,C99H25,99,300K+50K+600K,300-3799/3500,
803,C100H28,100,300K+50K+600K,300-3799/3500,
804,C101H30,101,300K+50K+600K,300-3799/3500,
177,C102H26,102,300K+50K+600K,300-3799/3500,
180,C102H26,102,300K+50K+600K,300-3799/3500,
4261,C102H30,102,300K+50K+600K,300-3799/3500,
4262,C102H30,102,300K+50K+600K,300-3799/3500,
4263,C102H30,102,300K+50K+600K,300-3799/3500,
4264,C102H30,102,300K+50K+600K,300-3799/3500,
4265,C102H30,102,300K+50K+600K,300-3799/3500,
4266,C102H30,102,300K+50K+600K,300-3799/3500,
4267,C102H30,102,300K+50K+600K,300-3799/3500,
4268,C102H30,102,300K+50K+600K,300-3799/3500,
4269,C102H30,102,300K+50K+600K,300-3799/3500,
4272,C102H32,102,300K+50K+600K,300-3799/3500,
3285,C103H27,103,300K+50K+600K,300-3799/3500,
611,C106H28,106,300K+50K+600K,300-3799/3500,
3287,C107H27,107,300K+50K+600K,300-3799/3500,
3289,C107H27,107,300K+50K+600K,300-3799/3500,
3217,C108H26,108,300K+50K+600K,300-3799/3500,
4243,C108H30,108,300K+50K+600K,300-3799/3500,
4244,C108H30,108,300K+50K+600K,300-3799/3500,
4245,C108H30,108,300K+50K+600K,300-3799/3500,
162,C110H26,110,300K+50K+600K,300-3799/3500,
183,C110H30,110,300K+50K+600K,300-3799/3500,
3291,C111H27,111,300K+50K+600K,300-3799/3500,
165,C112H26,112,300K+50K+600K,300-3799/3500,
606,C112H26,112,300K+50K+600K,300-3799/3500,
728,C112H28,112,300K+50K+600K,300-3799/3500,
3293,C113H27,113,300K+50K+600K,300-3799/3500,
3296,C115H29,115,300K+50K+600K,300-3799/3500,
3298,C115H27,115,300K+50K+600K,300-3799/3500,
3300,C119H29,119,300K+50K+600K,300-3799/3500,
653,C119H27,119,300K+50K+600K,300-3799/3500,
186,C120H36,120,300K+50K+600K,300-3799/3500,
3220,C120H28,120,300K+50K+600K,300-3799/3500,
4226,C120H32,120,300K+50K+600K,300-3799/3500,
3302,C121H29,121,300K+50K+600K,300-3799/3500,
4229,C126H32,126,300K+50K+600K,300-3799/3500,
4235,C126H34,126,300K+50K+600K,300-3799/3500,
569,C126H30,126,300K+50K+600K,300-3799/3500,
3304,C127H31,127,300K+50K+600K,300-3799/3500,
631,C128H28,128,300K+50K+600K,300-3799/3500,
168,C130H28,130,300K+50K+600K,300-3799/3500,
4171,C132H34,132,300K+50K+600K,300-3799/3500,
4185,C132H34,132,300K+50K+600K,300-3799/3500,
4188,C132H34,132,300K+50K+600K,300-3799/3500,
4190,C132H34,132,300K+50K+600K,300-3799/3500,
4191,C132H34,132,300K+50K+600K,300-3799/3500,
4192,C132H34,132,300K+50K+600K,300-3799/3500,
4195,C132H34,132,300K+50K+600K,300-3799/3500,
4196,C132H34,132,300K+50K+600K,300-3799/3500,
4198,C132H34,132,300K+50K+600K,300-3799/3500,
4180,C138H34,138,300K+50K+600K,300-3799/3500,
4181,C138H34,138,300K+50K+600K,300-3799/3500,
772,C138H30,138,300K+50K+600K,300-3799/3500,
760,C142H30,142,300K+50K+600K,300-3799/3500,
763,C142H30,142,300K+50K+600K,300-3799/3500,
4043,C144H36,144,300K+50K+600K,300-3799/3500,
4044,C144H36,144,300K+50K+600K,300-3799/3500,
4045,C144H36,144,300K+50K+600K,300-3799/3500,
4046,C144H36,144,300K+50K+600K,300-3799/3500,
4047,C144H36,144,300K+50K+600K,300-3799/3500,
4048,C144H36,144,300K+50K+600K,300-3799/3500,
4055,C144H36,144,300K+50K+600K,300-3799/3500,
4056,C144H36,144,300K+50K+600K,300-3799/3500,
4057,C144H36,144,300K+50K+600K,300-3799/3500,
4059,C144H36,144,300K+50K+600K,300-3799/3500,
4060,C144H36,144,300K+50K+600K,300-3799/3500,
4061,C144H36,144,300K+50K+600K,300-3799/3500,
4062,C144H36,144,300K+50K+600K,300-3799/3500,
4064,C144H36,144,300K+50K+600K,300-3799/3500,
4065,C144H36,144,300K+50K+600K,300-3799/3500,
4066,C144H36,144,300K+50K+600K,300-3799/3500,
4067,C144H36,144,300K+50K+600K,300-3799/3500,
4068,C144H36,144,300K+50K+600K,300-3799/3500,
4069,C144H36,144,300K+50K+600K,300-3799/3500,
4070,C144H36,144,300K+50K+600K,300-3799/3500,
4071,C144H36,144,300K+50K+600K,300-3799/3500,
4072,C144H36,144,300K+50K+600K,300-3799/3500,
4075,C144H36,144,300K+50K+600K,300-3799/3500,
4076,C144H36,144,300K+50K+600K,300-3799/3500,
4077,C144H36,144,300K+50K+600K,300-3799/3500,
4078,C144H36,144,300K+50K+600K,300-3799/3500,
4080,C144H36,144,300K+50K+600K,300-3799/3500,
4081,C144H36,144,300K+50K+600K,300-3799/3500,
4082,C144H36,144,300K+50K+600K,300-3799/3500,
4083,C144H36,144,300K+50K+600K,300-3799/3500,
4084,C144H36,144,300K+50K+600K,300-3799/3500,
4085,C144H36,144,300K+50K+600K,300-3799/3500,
4087,C144H36,144,300K+50K+600K,300-3799/3500,
4088,C144H36,144,300K+50K+600K,300-3799/3500,
4159,C144H34,144,300K+50K+600K,300-3799/3500,
641,C144H30,144,300K+50K+600K,300-3799/3500,
755,C144H30,144,300K+50K+600K,300-3799/3500,
746,C146H30,146,300K+50K+600K,300-3799/3500,
749,C146H30,146,300K+50K+600K,300-3799/3500,
752,C146H30,146,300K+50K+600K,300-3799/3500,
4008,C150H36,150,300K+50K+600K,300-3799/3500,
4009,C150H36,150,300K+50K+600K,300-3799/3500,
4010,C150H36,150,300K+50K+600K,300-3799/3500,
4016,C150H36,150,300K+50K+600K,300-3799/3500,
4017,C150H36,150,300K+50K+600K,300-3799/3500,
4018,C150H36,150,300K+50K+600K,300-3799/3500,
4019,C150H36,150,300K+50K+600K,300-3799/3500,
4020,C150H36,150,300K+50K+600K,300-3799/3500,
4029,C150H36,150,300K+50K+600K,300-3799/3500,
4031,C150H36,150,300K+50K+600K,300-3799/3500,
612,C150H30,150,300K+50K+600K,300-3799/3500,
619,C170H32,170,300K+50K+600K,300-3799/3500,
634,C190H34,190,300K+50K+600K,300-3799/3500,
742,C210H36,210,300K+50K+600K,300-3799/3500,
615,C216H36,216,300K+50K+600K,300-3799/3500,
