id,name,smiles,layer,n_heavy,kind,reason
A2_35abf04801,pyrene+SH,Sc1cc2cccc3ccc4cccc1c4c32,A2,17,4ar-fused|carbo|sub:S,weak+uncovered
A2_5d08d2da6f,pyrene+SH,Sc1ccc2ccc3cccc4ccc1c2c34,A2,17,4ar-fused|carbo|sub:S,weak+uncovered
A2_7712baf378,fluoranthene+SH,Sc1ccc2c3c(cccc13)-c1ccccc1-2,A2,17,4ar-fused|carbo|sub:S,weak+uncovered
A2_8b444cb44d,fluoranthene+SH,Sc1ccc2c(c1)-c1cccc3cccc-2c13,A2,17,4ar-fused|carbo|sub:S,weak+uncovered
A2_bd2f772579,fluoranthene+SH,Sc1cc2c3c(cccc3c1)-c1ccccc1-2,A2,17,4ar-fused|carbo|sub:S,weak+uncovered
A2_d651801d25,fluoranthene+SH,Sc1ccc2cccc3c2c1-c1ccccc1-3,A2,17,4ar-fused|carbo|sub:S,weak+uncovered
A2_f050f29a85,pyrene+SH,Sc1cc2ccc3cccc4ccc(c1)c2c34,A2,17,4ar-fused|carbo|sub:S,weak+uncovered
B_519351d19c,naphthalene+NH2,Nc1ccc2ccccc2c1,B,11,2ar-fused|carbo|sub:N,weak+uncovered
B_57e3e8e943,azulene+NH2,Nc1ccccc2cccc1-2,B,11,2ar-fused|carbo|sub:N,weak+uncovered
B_78f8233b4c,azulene+NH2,Nc1cc2cccccc-2c1,B,11,2ar-fused|carbo|sub:N,weak+uncovered
B_89ae0e3368,naphthalene+NH2,Nc1cccc2ccccc12,B,11,2ar-fused|carbo|sub:N,weak+uncovered
B_8ce201dfcd,azulene+NH2,Nc1cccc2cccc-2c1,B,11,2ar-fused|carbo|sub:N,weak+uncovered
B_95f04141fa,azulene+NH2,Nc1ccc2cccccc1-2,B,11,2ar-fused|carbo|sub:N,weak+uncovered
B_d9962f3d1e,azulene+NH2,Nc1ccc2cccc-2cc1,B,11,2ar-fused|carbo|sub:N,weak+uncovered
B_28670f0f01,naphthalene+NH2+NH2,Nc1cccc2cccc(N)c12,B,12,2ar-fused|carbo|sub:N,weak+uncovered
A2_4c2fa122d4,pyrene+NH2,Nc1ccc2ccc3cccc4ccc1c2c34,A2,17,4ar-fused|carbo|sub:N,weak+uncovered
A2_7c950f1732,fluoranthene+NH2,Nc1ccc2c3c(cccc13)-c1ccccc1-2,A2,17,4ar-fused|carbo|sub:N,weak+uncovered
A2_a446301566,pyrene+NH2,Nc1cc2ccc3cccc4ccc(c1)c2c34,A2,17,4ar-fused|carbo|sub:N,weak+uncovered
A2_a44dc7e358,fluoranthene+NH2,Nc1cc2c3c(cccc3c1)-c1ccccc1-2,A2,17,4ar-fused|carbo|sub:N,weak+uncovered
A2_a7c4ac38b3,pyrene+NH2,Nc1cc2cccc3ccc4cccc1c4c32,A2,17,4ar-fused|carbo|sub:N,weak+uncovered
A2_c57ef05eac,fluoranthene+NH2,Nc1cccc2c1-c1cccc3cccc-2c13,A2,17,4ar-fused|carbo|sub:N,weak+uncovered
A2_9ca7d76762,fluoranthene+CH3,Cc1ccc2c(c1)-c1cccc3cccc-2c13,A2,17,4ar-fused|carbo|sub:C,weak+uncovered
A2_c243a4be67,pyrene+CH3,Cc1ccc2ccc3cccc4ccc1c2c34,A2,17,4ar-fused|carbo|sub:C,weak+uncovered
A2_c587225988,fluoranthene+CH3,Cc1cccc2c1-c1cccc3cccc-2c13,A2,17,4ar-fused|carbo|sub:C,weak+uncovered
A2_d132085db5,pyrene+CH3,Cc1cc2cccc3ccc4cccc1c4c32,A2,17,4ar-fused|carbo|sub:C,weak+uncovered
A2_515a84b67a,fluoranthene+ethynyl,C#Cc1ccc2cccc3c2c1-c1ccccc1-3,A2,18,4ar-fused|carbo|sub:C,weak+uncovered
A2_60bf45f8a6,fluoranthene+ethynyl,C#Cc1cc2c3c(cccc3c1)-c1ccccc1-2,A2,18,4ar-fused|carbo|sub:C,weak+uncovered
A2_625017d185,pyrene+vinyl,C=Cc1cc2cccc3ccc4cccc1c4c32,A2,18,4ar-fused|carbo|sub:C,weak+uncovered
A2_6ad9241b55,pyrene+vinyl,C=Cc1cc2ccc3cccc4ccc(c1)c2c34,A2,18,4ar-fused|carbo|sub:C,weak+uncovered
A2_53601ae85b,fluoranthene+OH,Oc1ccc2c3c(cccc13)-c1ccccc1-2,A2,17,4ar-fused|carbo|sub:O,weak+uncovered
A2_6270dd2fca,fluoranthene+OH,Oc1cccc2c1-c1cccc3cccc-2c13,A2,17,4ar-fused|carbo|sub:O,weak+uncovered
A2_abcb2cfa5c,fluoranthene+OH,Oc1cc2c3c(cccc3c1)-c1ccccc1-2,A2,17,4ar-fused|carbo|sub:O,weak+uncovered
A2_b1b28842fa,pyrene+OH,Oc1ccc2ccc3cccc4ccc1c2c34,A2,17,4ar-fused|carbo|sub:O,weak+uncovered
A2_eef0ebf680,fluoranthene+OH,Oc1ccc2c(c1)-c1cccc3cccc-2c13,A2,17,4ar-fused|carbo|sub:O,weak+uncovered
A2_fe568a45a8,pyrene+OH,Oc1cc2ccc3cccc4ccc(c1)c2c34,A2,17,4ar-fused|carbo|sub:O,weak+uncovered
A2_54129467f7,fluoranthene+CHO,O=Cc1ccc2cccc3c2c1-c1ccccc1-3,A2,18,4ar-fused|carbo|sub:CO,weak+uncovered
A2_5a264a248c,fluoranthene+OCH3,COc1ccc2c3c(cccc13)-c1ccccc1-2,A2,18,4ar-fused|carbo|sub:CO,weak+uncovered
A2_5a9365499b,fluoranthene+CHO,O=Cc1ccc2c(c1)-c1cccc3cccc-2c13,A2,18,4ar-fused|carbo|sub:CO,weak+uncovered
A2_76e1cd109e,pyrene+OCH3,COc1cc2ccc3cccc4ccc(c1)c2c34,A2,18,4ar-fused|carbo|sub:CO,weak+uncovered
A2_7f8e85ab0f,fluoranthene+OCH3,COc1cc2c3c(cccc3c1)-c1ccccc1-2,A2,18,4ar-fused|carbo|sub:CO,weak+uncovered
A2_9d46ea3cb6,fluoranthene+CHO,O=Cc1cccc2c1-c1cccc3cccc-2c13,A2,18,4ar-fused|carbo|sub:CO,weak+uncovered
A2_a748e707a3,pyrene+CHO,O=Cc1cc2ccc3cccc4ccc(c1)c2c34,A2,18,4ar-fused|carbo|sub:CO,weak+uncovered
A2_a93989fbcf,fluoranthene+OCH3,COc1ccc2cccc3c2c1-c1ccccc1-3,A2,18,4ar-fused|carbo|sub:CO,weak+uncovered
A2_5934acbbc2,pyrene+CONH2,NC(=O)c1cc2ccc3cccc4ccc(c1)c2c34,A2,19,4ar-fused|carbo|sub:CNO,weak+uncovered
A2_75730d770d,pyrene+CONH2,NC(=O)c1ccc2ccc3cccc4ccc1c2c34,A2,19,4ar-fused|carbo|sub:CNO,weak+uncovered
A2_8c1f3bb424,fluoranthene+CONH2,NC(=O)c1ccc2cccc3c2c1-c1ccccc1-3,A2,19,4ar-fused|carbo|sub:CNO,weak+uncovered
A2_9af1313ca9,fluoranthene+CONH2,NC(=O)c1ccc2c(c1)-c1cccc3cccc-2c13,A2,19,4ar-fused|carbo|sub:CNO,weak+uncovered
A2_a7660342b4,fluoranthene+CONH2,NC(=O)c1cc2c3c(cccc3c1)-c1ccccc1-2,A2,19,4ar-fused|carbo|sub:CNO,weak+uncovered
A2_dd6e27d965,pyrene+CONH2,NC(=O)c1cc2cccc3ccc4cccc1c4c32,A2,19,4ar-fused|carbo|sub:CNO,weak+uncovered
A2_ff6da56848,fluoranthene+CONH2,NC(=O)c1ccc2c3c(cccc13)-c1ccccc1-2,A2,19,4ar-fused|carbo|sub:CNO,weak+uncovered
A2_6849063f11,pyrene+CN,N#Cc1cc2ccc3cccc4ccc(c1)c2c34,A2,18,4ar-fused|carbo|sub:CN,weak+uncovered
A2_7fbfba93fa,fluoranthene+CN,N#Cc1ccc2c(c1)-c1cccc3cccc-2c13,A2,18,4ar-fused|carbo|sub:CN,weak+uncovered
A2_8fbcbe2d29,fluoranthene+CN,N#Cc1cccc2c1-c1cccc3cccc-2c13,A2,18,4ar-fused|carbo|sub:CN,weak+uncovered
A2_b8ee4f6fea,pyrene+CN,N#Cc1cc2cccc3ccc4cccc1c4c32,A2,18,4ar-fused|carbo|sub:CN,weak+uncovered
A2_cca8340b51,pyrene+CN,N#Cc1ccc2ccc3cccc4ccc1c2c34,A2,18,4ar-fused|carbo|sub:CN,weak+uncovered
A2_76e9c2ae8a,fluoranthene+Cl,Clc1ccc2cccc3c2c1-c1ccccc1-3,A2,17,4ar-fused|carbo|sub:Cl,weak+uncovered
A2_8cb80a9eb5,fluoranthene+Cl,Clc1cc2c3c(cccc3c1)-c1ccccc1-2,A2,17,4ar-fused|carbo|sub:Cl,weak+uncovered
A2_93b01a9fe6,pyrene+Cl,Clc1cc2ccc3cccc4ccc(c1)c2c34,A2,17,4ar-fused|carbo|sub:Cl,weak+uncovered
A2_ae6934f7a9,fluoranthene+Cl,Clc1ccc2c3c(cccc13)-c1ccccc1-2,A2,17,4ar-fused|carbo|sub:Cl,weak+uncovered
A2_c8e297718b,pyrene+Cl,Clc1cc2cccc3ccc4cccc1c4c32,A2,17,4ar-fused|carbo|sub:Cl,weak+uncovered
A2_d967af1be9,pyrene+Cl,Clc1ccc2ccc3cccc4ccc1c2c34,A2,17,4ar-fused|carbo|sub:Cl,weak+uncovered
A2_e9df4561cc,fluoranthene+Cl,Clc1cccc2c1-c1cccc3cccc-2c13,A2,17,4ar-fused|carbo|sub:Cl,weak+uncovered
B_5526e6db5d,biphenyl+CHO,O=Cc1ccc(-c2ccccc2)cc1,B,14,2ar|carbo|sub:CO,weak+uncovered
B_9d342d5ce6,biphenyl+OCH3,COc1cccc(-c2ccccc2)c1,B,14,2ar|carbo|sub:CO,weak+uncovered
B_c63c804e73,biphenyl+OCH3,COc1ccccc1-c1ccccc1,B,14,2ar|carbo|sub:CO,weak+uncovered
B_b27d511b09,biphenyl+COOH,O=C(O)c1ccc(-c2ccccc2)cc1,B,15,2ar|carbo|sub:CO,weak+uncovered
B_cf8ebc3ad0,biphenyl+COOH,O=C(O)c1cccc(-c2ccccc2)c1,B,15,2ar|carbo|sub:CO,weak+uncovered
B_d351592aa1,biphenyl+COOH,O=C(O)c1ccccc1-c1ccccc1,B,15,2ar|carbo|sub:CO,weak+uncovered
B_26455e55e3,naphthalene+CH3+NH2,Cc1cc2ccccc2cc1N,B,12,2ar-fused|carbo|sub:CN,weak
B_3dca7b53a3,azulene+CN,N#Cc1ccccc2cccc1-2,B,12,2ar-fused|carbo|sub:CN,weak
B_6367fde381,azulene+CN,N#Cc1cc2cccccc-2c1,B,12,2ar-fused|carbo|sub:CN,weak
B_6aa211768a,naphthalene+CN,N#Cc1cccc2ccccc12,B,12,2ar-fused|carbo|sub:CN,weak
B_89b6724a77,naphthalene+CH3+NH2,NCc1cccc2ccccc12,B,12,2ar-fused|carbo|sub:CN,weak
B_99513d0f65,naphthalene+CH3+NH2,Cc1cc(N)c2ccccc2c1,B,12,2ar-fused|carbo|sub:CN,weak
B_9b1e3fd97d,naphthalene+CH3+NH2,Cc1ccc2ccc(N)cc2c1,B,12,2ar-fused|carbo|sub:CN,weak
B_a41f4cff9d,naphthalene+CN,N#Cc1ccc2ccccc2c1,B,12,2ar-fused|carbo|sub:CN,weak
B_a533db6c15,azulene+CN,N#Cc1ccc2cccccc1-2,B,12,2ar-fused|carbo|sub:CN,weak
B_a5f0c72b89,naphthalene+CH3+NH2,Cc1ccc2ccccc2c1N,B,12,2ar-fused|carbo|sub:CN,weak
B_ac5798691f,naphthalene+CH3+NH2,Cc1ccc(N)c2ccccc12,B,12,2ar-fused|carbo|sub:CN,weak
B_afb9bece8a,naphthalene+CH3+NH2,Cc1cc(N)cc2ccccc12,B,12,2ar-fused|carbo|sub:CN,weak
B_b2410cd7f9,naphthalene+CH3+NH2,Cc1cccc2cccc(N)c12,B,12,2ar-fused|carbo|sub:CN,weak
B_c2aa85e25e,azulene+CN,N#Cc1cccc2cccc-2c1,B,12,2ar-fused|carbo|sub:CN,weak
B_cc1d5a5b08,naphthalene+CH3+NH2,Cc1c(N)ccc2ccccc12,B,12,2ar-fused|carbo|sub:CN,weak
B_d8161c5fd7,naphthalene+CH3+NH2,Cc1ccc2cc(N)ccc2c1,B,12,2ar-fused|carbo|sub:CN,weak
B_e8d50a50b5,naphthalene+CH3+NH2,Cc1ccc2cccc(N)c2c1,B,12,2ar-fused|carbo|sub:CN,weak
B_f321db77de,azulene+CN,N#Cc1ccc2cccc-2cc1,B,12,2ar-fused|carbo|sub:CN,weak
B_25677bf069,naphthalene+NH2+CN,N#Cc1cccc2cc(N)ccc12,B,13,2ar-fused|carbo|sub:CN,weak
B_256dabc116,naphthalene+NH2+CN,N#Cc1cc2ccccc2cc1N,B,13,2ar-fused|carbo|sub:CN,weak
B_2824cc3445,naphthalene+NH2+ethynyl,C#Cc1ccc2cc(N)ccc2c1,B,13,2ar-fused|carbo|sub:CN,weak
B_30022fd926,naphthalene+CH3+CN,Cc1ccc2cccc(C#N)c2c1,B,13,2ar-fused|carbo|sub:CN,weak
B_3f1dadff50,naphthalene+NH2+CN,N#Cc1ccc(N)c2ccccc12,B,13,2ar-fused|carbo|sub:CN,weak
B_3f63ae899a,naphthalene+CH3+CN,Cc1cc(C#N)cc2ccccc12,B,13,2ar-fused|carbo|sub:CN,weak
B_44c3726875,naphthalene+CH3+CN,Cc1ccc2ccc(C#N)cc2c1,B,13,2ar-fused|carbo|sub:CN,weak
B_4891e3d7c4,naphthalene+NH2+ethynyl,C#Cc1cc2ccccc2cc1N,B,13,2ar-fused|carbo|sub:CN,weak
B_5a5ce9e235,naphthalene+NH2+ethynyl,C#Cc1ccc(N)c2ccccc12,B,13,2ar-fused|carbo|sub:CN,weak
B_5f503c9cfc,naphthalene+CH3+CN,Cc1ccc2cc(C#N)ccc2c1,B,13,2ar-fused|carbo|sub:CN,weak
B_66d9a51e5c,naphthalene+CH3+CN,Cc1cccc2cc(C#N)ccc12,B,13,2ar-fused|carbo|sub:CN,weak
B_6c1f2b1966,naphthalene+NH2+vinyl,C=Cc1cc(N)c2ccccc2c1,B,13,2ar-fused|carbo|sub:CN,weak
B_056f1c70fa,naphthalene+NH2+CHO,Nc1cccc2cc(C=O)ccc12,B,13,2ar-fused|carbo|sub:CNO,weak
B_2de7227ecb,azulene+CONH2,NC(=O)c1ccc2cccccc1-2,B,13,2ar-fused|carbo|sub:CNO,weak
B_3647bbc973,naphthalene+NH2+CHO,Nc1c(C=O)ccc2ccccc12,B,13,2ar-fused|carbo|sub:CNO,weak
B_407ebd9dfc,naphthalene+NH2+CHO,Nc1ccc2c(C=O)cccc2c1,B,13,2ar-fused|carbo|sub:CNO,weak
B_4a12c8c34c,naphthalene+NH2+OCH3,COc1ccc2cccc(N)c2c1,B,13,2ar-fused|carbo|sub:CNO,weak
B_520cc9455f,naphthalene+NH2+CHO,Nc1ccc2ccc(C=O)cc2c1,B,13,2ar-fused|carbo|sub:CNO,weak
B_5972a08ace,naphthalene+OH+CN,N#Cc1cccc2cccc(O)c12,B,13,2ar-fused|carbo|sub:CNO,weak
B_63e282724f,naphthalene+OH+CN,N#Cc1cccc2cc(O)ccc12,B,13,2ar-fused|carbo|sub:CNO,weak
B_6a9a26d089,naphthalene+OH+CN,N#Cc1ccc2cccc(O)c2c1,B,13,2ar-fused|carbo|sub:CNO,weak
B_6d47368e74,naphthalene+NH2+OCH3,COc1cc(N)c2ccccc2c1,B,13,2ar-fused|carbo|sub:CNO,weak
B_6e1304dc66,naphthalene+NH2+OCH3,COc1cccc2cccc(N)c12,B,13,2ar-fused|carbo|sub:CNO,weak
B_7ee6ad5290,naphthalene+NH2+CHO,Nc1ccc2cccc(C=O)c2c1,B,13,2ar-fused|carbo|sub:CNO,weak
B_83267b6b89,naphthalene+NH2+CHO,Nc1ccc(C=O)c2ccccc12,B,13,2ar-fused|carbo|sub:CNO,weak
B_8393df5514,naphthalene+OH+CN,N#Cc1c(O)ccc2ccccc12,B,13,2ar-fused|carbo|sub:CNO,weak
B_863cdaad7a,naphthalene+NH2+OCH3,COc1ccc2ccccc2c1N,B,13,2ar-fused|carbo|sub:CNO,weak
B_8b9f430aef,naphthalene+OH+CN,N#Cc1ccc2ccccc2c1O,B,13,2ar-fused|carbo|sub:CNO,weak
B_8e68ad97ce,naphthalene+CONH2,NC(=O)c1cccc2ccccc12,B,13,2ar-fused|carbo|sub:CNO,weak
B_96af4fd613,naphthalene+OH+CN,N#Cc1cccc2c(O)cccc12,B,13,2ar-fused|carbo|sub:CNO,weak
B_9b8d1fd189,naphthalene+OH+CN,N#Cc1ccc(O)c2ccccc12,B,13,2ar-fused|carbo|sub:CNO,weak
B_9e023162d4,azulene+CONH2,NC(=O)c1cccc2cccc-2c1,B,13,2ar-fused|carbo|sub:CNO,weak
B_9ebe6f4920,naphthalene+NH2+CHO,Nc1cc(C=O)cc2ccccc12,B,13,2ar-fused|carbo|sub:CNO,weak
B_af81556699,azulene+CONH2,NC(=O)c1ccccc2cccc1-2,B,13,2ar-fused|carbo|sub:CNO,weak
B_b3c1962438,naphthalene+NH2+OCH3,COc1c(N)ccc2ccccc12,B,13,2ar-fused|carbo|sub:CNO,weak
B_b805d97ce1,naphthalene+NH2+CHO,Nc1cccc2ccc(C=O)cc12,B,13,2ar-fused|carbo|sub:CNO,weak
B_bec217a9f0,naphthalene+NH2+CHO,Nc1ccc2ccccc2c1C=O,B,13,2ar-fused|carbo|sub:CNO,weak
B_d434eb4a2f,naphthalene+NH2+OCH3,COc1ccc2cc(N)ccc2c1,B,13,2ar-fused|carbo|sub:CNO,weak
B_dbafa5e87e,azulene+CONH2,NC(=O)c1cc2cccccc-2c1,B,13,2ar-fused|carbo|sub:CNO,weak
B_dd57f80d82,naphthalene+NH2+CHO,Nc1cc(C=O)c2ccccc2c1,B,13,2ar-fused|carbo|sub:CNO,weak
B_df987fb28b,naphthalene+OH+CN,N#Cc1cccc2ccc(O)cc12,B,13,2ar-fused|carbo|sub:CNO,weak
B_e6d90ea2ef,naphthalene+NH2+OCH3,COc1cccc2ccc(N)cc12,B,13,2ar-fused|carbo|sub:CNO,weak
B_48689688ff,azulene+Cl,Clc1cc2cccccc-2c1,B,11,2ar-fused|carbo|sub:Cl,uncovered
B_51a34f8f4f,azulene+Cl,Clc1ccc2cccccc1-2,B,11,2ar-fused|carbo|sub:Cl,uncovered
B_649f24650b,azulene+Cl,Clc1ccc2cccc-2cc1,B,11,2ar-fused|carbo|sub:Cl,uncovered
B_6742691205,naphthalene+Cl,Clc1ccc2ccccc2c1,B,11,2ar-fused|carbo|sub:Cl,uncovered
B_8ec966eb48,azulene+Cl,Clc1ccccc2cccc1-2,B,11,2ar-fused|carbo|sub:Cl,uncovered
B_bfe673559c,azulene+Cl,Clc1cccc2cccc-2c1,B,11,2ar-fused|carbo|sub:Cl,uncovered
B_31cbf73ed6,naphthalene+Cl+Cl,Clc1cccc2c(Cl)cccc12,B,12,2ar-fused|carbo|sub:Cl,uncovered
B_5629d4b698,naphthalene+Cl+Cl,Clc1ccc2cc(Cl)ccc2c1,B,12,2ar-fused|carbo|sub:Cl,uncovered
B_14ba9f1827,naphthalene+F,Fc1ccc2ccccc2c1,B,11,2ar-fused|carbo|sub:F,uncovered
B_96f5f1990a,naphthalene+F,Fc1cccc2ccccc12,B,11,2ar-fused|carbo|sub:F,uncovered
B_bb5c4d9081,azulene+F,Fc1ccccc2cccc1-2,B,11,2ar-fused|carbo|sub:F,uncovered
B_cf2df97e38,azulene+F,Fc1ccc2cccccc1-2,B,11,2ar-fused|carbo|sub:F,uncovered
B_dffd36faea,azulene+F,Fc1cc2cccccc-2c1,B,11,2ar-fused|carbo|sub:F,uncovered
B_01b90d2c0a,naphthalene+F+F,Fc1cc(F)c2ccccc2c1,B,12,2ar-fused|carbo|sub:F,uncovered
B_359e3d88aa,naphthalene+F+F,Fc1ccc2c(F)cccc2c1,B,12,2ar-fused|carbo|sub:F,uncovered
B_5ce9447468,naphthalene+F+F,Fc1ccc2ccc(F)cc2c1,B,12,2ar-fused|carbo|sub:F,uncovered
B_587a9de76c,azulene+SH,Sc1cc2cccccc-2c1,B,11,2ar-fused|carbo|sub:S,uncovered
B_616944e845,azulene+SH,Sc1ccc2cccccc1-2,B,11,2ar-fused|carbo|sub:S,uncovered
B_b540cb34e9,naphthalene+SH,Sc1cccc2ccccc12,B,11,2ar-fused|carbo|sub:S,uncovered
B_d972298089,azulene+SH,Sc1ccccc2cccc1-2,B,11,2ar-fused|carbo|sub:S,uncovered
B_dea2fe5abb,azulene+SH,Sc1ccc2cccc-2cc1,B,11,2ar-fused|carbo|sub:S,uncovered
B_e126d3ff28,azulene+SH,Sc1cccc2cccc-2c1,B,11,2ar-fused|carbo|sub:S,uncovered
B_ec04732406,naphthalene+SH,Sc1ccc2ccccc2c1,B,11,2ar-fused|carbo|sub:S,uncovered
B_15fb05c549,naphthalene+SH+SH,Sc1ccc(S)c2ccccc12,B,12,2ar-fused|carbo|sub:S,uncovered
B_0496915f30,naphthalene+OH+NH2,Nc1cccc2c(O)cccc12,B,12,2ar-fused|carbo|sub:NO,uncovered
B_1e11627812,naphthalene+OH+NH2,Nc1ccc2ccccc2c1O,B,12,2ar-fused|carbo|sub:NO,uncovered
B_57e6bfe76a,naphthalene+OH+NH2,Nc1cccc2ccc(O)cc12,B,12,2ar-fused|carbo|sub:NO,uncovered
B_5d5f51a3ae,naphthalene+OH+NH2,Nc1cccc2cc(O)ccc12,B,12,2ar-fused|carbo|sub:NO,uncovered
B_5e180d4581,naphthalene+OH+NH2,Nc1cc(O)cc2ccccc12,B,12,2ar-fused|carbo|sub:NO,uncovered
B_60d7e6f2f9,naphthalene+OH+NH2,Nc1ccc2c(O)cccc2c1,B,12,2ar-fused|carbo|sub:NO,uncovered
B_63469c5802,naphthalene+OH+NH2,Nc1c(O)ccc2ccccc12,B,12,2ar-fused|carbo|sub:NO,uncovered
B_777ae0ef51,naphthalene+OH+NH2,Nc1cccc2cccc(O)c12,B,12,2ar-fused|carbo|sub:NO,uncovered
B_3100da3761,benzene+CN,N#Cc1ccccc1,B,8,1ar|carbo|sub:CN,uncovered
B_b3e57b2c2b,benzene+CH3+NH2,Cc1cccc(N)c1,B,8,1ar|carbo|sub:CN,uncovered
B_c66f269f67,benzene+CH3+NH2,Cc1ccc(N)cc1,B,8,1ar|carbo|sub:CN,uncovered
B_d62c8648e6,benzene+CH3+NH2,NCc1ccccc1,B,8,1ar|carbo|sub:CN,uncovered
B_db3788caa6,benzene+CH3+NH2,Cc1ccccc1N,B,8,1ar|carbo|sub:CN,uncovered
B_410ac0fb2f,benzene+NH2+ethynyl,C#Cc1ccc(N)cc1,B,9,1ar|carbo|sub:CN,uncovered
B_73ddb2ccf8,styrene+NH2,C=C(N)c1ccccc1,B,9,1ar|carbo|sub:CN,uncovered
B_74e12973b2,benzene+NH2+ethynyl,C#Cc1ccccc1N,B,9,1ar|carbo|sub:CN,uncovered
A2_3483a22b30,dibenzothiophene+CONH2,NC(=O)c1ccc2sc3ccccc3c2c1,A2,16,3ar-fused|ring-S|sub:CNO,new-kind
A2_3a5def0ce1,dibenzofuran+NH2,Nc1cccc2oc3ccccc3c12,A2,14,3ar-fused|ring-O|sub:N,new-kind
A2_429f6cd63b,dibenzofuran+CONH2,NC(=O)c1cccc2c1oc1ccccc12,A2,16,3ar-fused|ring-O|sub:CNO,new-kind
A2_45d7124294,dibenzofuran+F,Fc1cccc2c1oc1ccccc12,A2,14,3ar-fused|ring-O|sub:F,new-kind
A2_4e8b0a2d6e,dibenzothiophene+Cl,Clc1cccc2c1sc1ccccc12,A2,14,3ar-fused|ring-S|sub:Cl,new-kind
A2_5084813224,dibenzothiophene+NO2,O=[N+]([O-])c1ccc2sc3ccccc3c2c1,A2,16,3ar-fused|ring-S|sub:NO,new-kind
A2_545ba22a6a,pyrene+F,Fc1cc2cccc3ccc4cccc1c4c32,A2,17,4ar-fused|carbo|sub:F,new-kind
A2_606c11e73b,dibenzothiophene+OH,Oc1ccc2sc3ccccc3c2c1,A2,14,3ar-fused|ring-S|sub:O,new-kind
A2_67fde0ce90,dibenzofuran+SH,Sc1cccc2oc3ccccc3c12,A2,14,3ar-fused|ring-O|sub:S,new-kind
B_02eba6e907,naphthalene+F+SH,Fc1cc(S)c2ccccc2c1,B,12,2ar-fused|carbo|sub:FS,new-kind
B_06330dd31f,oxazole+F,Fc1cnco1,B,6,1ar|ring-NO|sub:F,new-kind
B_08ceb5ae9d,oxazole+NO2,O=[N+]([O-])c1cnco1,B,8,1ar|ring-NO|sub:NO,new-kind
B_1090d81b35,pyridine+CF3+SH,FC(F)(F)c1cc(S)ccn1,B,11,1ar|ring-N|sub:CFS,new-kind
B_1d3667a375,furan+OH,Oc1ccoc1,B,6,1ar|ring-O|sub:O,new-kind
B_1ed01fda1b,benzene+Cl,Clc1ccccc1,B,7,1ar|carbo|sub:Cl,new-kind
B_22bfadfa55,benzene+OH+Cl,Oc1cccc(Cl)c1,B,8,1ar|carbo|sub:ClO,new-kind
B_22ec3ecc7c,thiazole+CONH2,NC(=O)c1nccs1,B,8,1ar|ring-NS|sub:CNO,new-kind
B_236ff798a8,benzothiophene+NH2,Nc1cccc2sccc12,B,10,2ar-fused|ring-S|sub:N,new-kind
B_25401903ed,thiazole+NH2,Nc1nccs1,B,6,1ar|ring-NS|sub:N,new-kind
B_25cf0dc229,benzothiophene+SH,Sc1cc2ccccc2s1,B,10,2ar-fused|ring-S|sub:S,new-kind
B_25e5c7e1e6,benzothiophene+OCH3,COc1cccc2ccsc12,B,11,2ar-fused|ring-S|sub:CO,new-kind
B_29ee41c012,furan+CH3,Cc1ccco1,B,6,1ar|ring-O|sub:C,new-kind
B_27a2fd4324,benzene+Cl+CHO,O=Cc1ccc(Cl)cc1,B,9,1ar|carbo|sub:CClO,new-kind
B_2804096c51,thiophene+CF3,FC(F)(F)c1ccsc1,B,9,1ar|ring-S|sub:CF,new-kind
B_2a0d775b59,oxazole+Cl,Clc1cocn1,B,6,1ar|ring-NO|sub:Cl,new-kind
B_2a9deb2e93,naphthalene+OH+SH,Oc1ccc2cc(S)ccc2c1,B,12,2ar-fused|carbo|sub:OS,new-kind
B_2b54e8cd12,benzene+F+SH,Fc1cccc(S)c1,B,8,1ar|carbo|sub:FS,new-kind
B_2d18aa2dde,thiophene+CN,N#Cc1ccsc1,B,7,1ar|ring-S|sub:CN,new-kind
B_2d22a8ad91,benzothiophene+NO2,O=[N+]([O-])c1ccc2sccc2c1,B,12,2ar-fused|ring-S|sub:NO,new-kind
B_3db4fe6829,benzene+OH,Oc1ccccc1,B,7,1ar|carbo|sub:O,new-kind
B_2ef507c033,oxazole+OH,Oc1cnco1,B,6,1ar|ring-NO|sub:O,new-kind
B_2f618c033e,benzene+CH3+SH,Cc1cccc(S)c1,B,8,1ar|carbo|sub:CS,new-kind
