id,layer,name,smiles,n_heavy,n_atoms,kind,family,parent_id,charge,multiplicity,holdout_c,curve_rank,reason
P3_97c2db1a08,P3,aza-pyrene-1,c1cc2ccc3cncc4ccc(c1)c2c34,16,25,4ar-fused|ring-N|sub:none,aza4,,0,1,0,15,nitrogen in a four-ring (Q2); parent
P3_0bb6c41350,P3,aza-pyrene-2,c1cc2ccc3ccnc4ccc(c1)c2c34,16,25,4ar-fused|ring-N|sub:none,aza4,,0,1,1,0,nitrogen in a four-ring (Q2); parent; hold-out (c)
P3_b36c153df2,P3,aza-pyrene-3,c1cc2ccc3cccc4ncc(c1)c2c34,16,25,4ar-fused|ring-N|sub:none,aza4,,0,1,0,25,nitrogen in a four-ring (Q2); parent
P3_5592613777,P3,aza-fluoranthene-1,c1cc2c3c(cccc3c1)-c1cnccc1-2,16,25,4ar-fused|ring-N|sub:none,aza4,,0,1,1,0,nitrogen in a four-ring (Q2); parent; hold-out (c)
P3_d2345d9fcf,P3,aza-fluoranthene-2,c1cnc2c(c1)-c1cccc3cccc-2c13,16,25,4ar-fused|ring-N|sub:none,aza4,,0,1,1,0,nitrogen in a four-ring (Q2); parent; hold-out (c)
P3_1ba8fe779a,P3,aza-fluoranthene-3,c1ccc2c(c1)-c1cccc3ccnc-2c13,16,25,4ar-fused|ring-N|sub:none,aza4,,0,1,0,26,nitrogen in a four-ring (Q2); parent
P3_ff62f88395,P3,aza-fluoranthene-4,c1ccc2c(c1)-c1cccc3cncc-2c13,16,25,4ar-fused|ring-N|sub:none,aza4,,0,1,0,18,nitrogen in a four-ring (Q2); parent
P3_1e34c6eeef,P3,aza-fluoranthene-5,c1ccc2c(c1)-c1cccc3nccc-2c13,16,25,4ar-fused|ring-N|sub:none,aza4,,0,1,0,20,nitrogen in a four-ring (Q2); parent
P3_03c5f8c5cb,P3,aza-pyrene-2+OH,Oc1cc2ccc3ccnc4ccc(c1)c2c34,17,26,4ar-fused|ring-N|sub:O,aza4,,0,1,0,4,nitrogen in a four-ring (Q2)
P3_12f8e0f146,P3,aza-fluoranthene-3+ethynyl,C#Cc1ccc2ccnc3c2c1-c1ccccc1-3,18,27,4ar-fused|ring-N|sub:C,aza4,,0,1,0,1,nitrogen in a four-ring (Q2)
P3_03110e06c6,P3,aza-fluoranthene-5+NO2,O=[N+]([O-])c1cccc2c1-c1cccc3nccc-2c13,19,27,4ar-fused|ring-N|sub:NO,aza4,,0,1,0,10,nitrogen in a four-ring (Q2)
P3_0f946732f8,P3,aza-fluoranthene-1+CN,N#Cc1cc2c3c(cccc3c1)-c1cnccc1-2,18,26,4ar-fused|ring-N|sub:CN,aza4,,0,1,0,22,nitrogen in a four-ring (Q2)
P3_2a090cd77b,P3,aza-pyrene-1+CH3,Cc1cc2ccc3cncc4ccc(c1)c2c34,17,28,4ar-fused|ring-N|sub:C,aza4,,0,1,0,27,nitrogen in a four-ring (Q2)
P3_081c1afebd,P3,aza-pyrene-3+OCH3,COc1cc2ccc3cccc4cnc(c1)c2c34,18,29,4ar-fused|ring-N|sub:CO,aza4,,0,1,0,6,nitrogen in a four-ring (Q2)
P3_4319d1234e,P3,aza-fluoranthene-2+CHO,O=Cc1ccnc2c1-c1cccc3cccc-2c13,18,27,4ar-fused|ring-N|sub:CO,aza4,,0,1,0,9,nitrogen in a four-ring (Q2)
P3_1f9c62c3b1,P3,aza-fluoranthene-4+SH,Sc1ccc2c3c(cncc13)-c1ccccc1-2,17,26,4ar-fused|ring-N|sub:S,aza4,,0,1,0,19,nitrogen in a four-ring (Q2)
P3_2b83793839,P3,aza-pyrene-2+ethynyl,C#Cc1ccc2ccc3ccnc4ccc1c2c34,18,27,4ar-fused|ring-N|sub:C,aza4,,0,1,0,8,nitrogen in a four-ring (Q2)
P3_0d234813c3,P3,aza-fluoranthene-3+NO2,O=[N+]([O-])c1cnc2c3c(cccc13)-c1ccccc1-2,19,27,4ar-fused|ring-N|sub:NO,aza4,,0,1,0,11,nitrogen in a four-ring (Q2)
P3_0e18b0e4b1,P3,aza-fluoranthene-5+CN,N#Cc1cccc2c1-c1ccnc3cccc-2c13,18,26,4ar-fused|ring-N|sub:CN,aza4,,0,1,0,5,nitrogen in a four-ring (Q2)
P3_25794fedc5,P3,aza-fluoranthene-1+CH3,Cc1cc2c3c(cccc3c1)-c1ccncc1-2,17,28,4ar-fused|ring-N|sub:C,aza4,,0,1,0,7,nitrogen in a four-ring (Q2)
P3_6298fa7888,P3,aza-pyrene-1+OCH3,COc1ccc2ccc3cncc4ccc1c2c34,18,29,4ar-fused|ring-N|sub:CO,aza4,,0,1,0,17,nitrogen in a four-ring (Q2)
P3_0a4f4be63f,P3,aza-pyrene-3+CHO,O=Cc1cc2ccc3cccc4ncc(c1)c2c34,18,27,4ar-fused|ring-N|sub:CO,aza4,,0,1,0,12,nitrogen in a four-ring (Q2)
P3_3f66942313,P3,aza-fluoranthene-2+SH,Sc1ccc2cccc3c2c1-c1ncccc1-3,17,26,4ar-fused|ring-N|sub:S,aza4,,0,1,0,21,nitrogen in a four-ring (Q2)
P3_5a87805198,P3,aza-fluoranthene-4+CF3,FC(F)(F)c1ncc2c3c(cccc13)-c1ccccc1-2,20,28,4ar-fused|ring-N|sub:CF,aza4,,0,1,0,14,nitrogen in a four-ring (Q2)
P3_18cdc67ba4,P3,aza-pyrene-2+NO2,O=[N+]([O-])c1ccc2ccc3ccnc4ccc1c2c34,19,27,4ar-fused|ring-N|sub:NO,aza4,,0,1,0,2,nitrogen in a four-ring (Q2)
P3_17a0b38ffb,P3,aza-fluoranthene-3+CN,N#Cc1cc2c3c(nccc3c1)-c1ccccc1-2,18,26,4ar-fused|ring-N|sub:CN,aza4,,0,1,0,3,nitrogen in a four-ring (Q2)
P3_2359a3366c,P3,aza-fluoranthene-5+CH3,Cc1cc2c3c(ccnc3c1)-c1ccccc1-2,17,28,4ar-fused|ring-N|sub:C,aza4,,0,1,0,23,nitrogen in a four-ring (Q2)
P3_4063c67d28,P3,aza-fluoranthene-1+OCH3,COc1cc2c(cn1)-c1cccc3cccc-2c13,18,29,4ar-fused|ring-N|sub:CO,aza4,,0,1,0,13,nitrogen in a four-ring (Q2)
P3_6d7a109d4a,P3,aza-pyrene-1+CHO,O=Cc1cc2ccc3cncc4ccc(c1)c2c34,18,27,4ar-fused|ring-N|sub:CO,aza4,,0,1,0,24,nitrogen in a four-ring (Q2)
P3_2176a9ba15,P3,aza-pyrene-3+SH,Sc1cc2cccc3ncc4cccc1c4c23,17,26,4ar-fused|ring-N|sub:S,aza4,,0,1,0,16,nitrogen in a four-ring (Q2)
P3_018f8ce9da,P3,perylene,c1cc2cccc3c4cccc5cccc(c(c1)c23)c54,20,32,5ar-fused|carbo|sub:none,five,,0,1,0,17,five rings (Q3); parent
P3_a48efac7c7,P3,benzo[a]pyrene,c1ccc2c(c1)cc1ccc3cccc4ccc2c1c34,20,32,5ar-fused|carbo|sub:none,five,,0,1,1,0,five rings (Q3); parent; hold-out (c)
P3_2b5a6c3201,P3,benzo[e]pyrene,c1ccc2c(c1)c1cccc3ccc4cccc2c4c31,20,32,5ar-fused|carbo|sub:none,five,,0,1,1,0,five rings (Q3); parent; hold-out (c)
P3_cb85f79bc2,P3,benzo[k]fluoranthene,c1ccc2cc3c(cc2c1)-c1cccc2cccc-3c12,20,32,5ar-fused|carbo|sub:none,five,,0,1,0,22,five rings (Q3); parent
P3_71cd75ce8c,P3,picene,c1ccc2c(c1)ccc1c2ccc2c3ccccc3ccc12,22,36,5ar-fused|carbo|sub:none,five,,0,1,0,14,five rings (Q3); parent
P3_86e3432c8b,P3,"dibenz[a,h]anthracene",c1ccc2c(c1)ccc1cc3c(ccc4ccccc43)cc12,22,36,5ar-fused|carbo|sub:none,five,,0,1,1,0,five rings (Q3); parent; hold-out (c)
P3_0a21840ff5,P3,perylene+OH,Oc1cc2cccc3c4cccc5cccc(c(c1)c23)c54,21,33,5ar-fused|carbo|sub:O,five,,0,1,0,27,five rings (Q3)
P3_2aa4adcc95,P3,benzo[e]pyrene+ethynyl,C#Cc1ccc2ccc3cccc4c5ccccc5c1c2c34,22,34,5ar-fused|carbo|sub:C,five,,0,1,0,4,five rings (Q3)
P3_086e85b2d7,P3,picene+NO2,O=[N+]([O-])c1cccc2ccc3c4ccc5ccccc5c4ccc3c12,25,38,5ar-fused|carbo|sub:NO,five,,0,1,0,18,five rings (Q3)
P3_09eab67f7b,P3,"dibenz[a,h]anthracene+CN",N#Cc1cc2ccccc2c2cc3ccc4ccccc4c3cc12,24,37,5ar-fused|carbo|sub:CN,five,,0,1,0,16,five rings (Q3)
P3_0789b0679f,P3,benzo[a]pyrene+CH3,Cc1ccc2ccc3cc4ccccc4c4ccc1c2c34,21,35,5ar-fused|carbo|sub:C,five,,0,1,0,1,five rings (Q3)
P3_2500d7179b,P3,benzo[k]fluoranthene+OCH3,COc1ccc2cc3c(cc2c1)-c1cccc2cccc-3c12,22,36,5ar-fused|carbo|sub:CO,five,,0,1,0,5,five rings (Q3)
P3_a052950c1f,P3,perylene+ethynyl,C#Cc1ccc2cccc3c4cccc5cccc(c1c23)c54,22,34,5ar-fused|carbo|sub:C,five,,0,1,0,20,five rings (Q3)
P3_133d6c56a1,P3,benzo[e]pyrene+NO2,O=[N+]([O-])c1ccc2c(c1)c1cccc3ccc4cccc2c4c31,23,34,5ar-fused|carbo|sub:NO,five,,0,1,0,21,five rings (Q3)
P3_29827b6df4,P3,picene+CN,N#Cc1cc2c(ccc3c4ccccc4ccc32)c2ccccc12,24,37,5ar-fused|carbo|sub:CN,five,,0,1,0,25,five rings (Q3)
P3_37aef7945b,P3,"dibenz[a,h]anthracene+CH3",Cc1cc2ccccc2c2cc3ccc4ccccc4c3cc12,23,39,5ar-fused|carbo|sub:C,five,,0,1,0,24,five rings (Q3)
P3_0bf323c494,P3,benzo[a]pyrene+OCH3,COc1ccc2ccc3cc4ccccc4c4ccc1c2c34,22,36,5ar-fused|carbo|sub:CO,five,,0,1,0,13,five rings (Q3)
P3_2377eabf5d,P3,benzo[k]fluoranthene+CHO,O=Cc1ccc2cc3c(cc2c1)-c1cccc2cccc-3c12,22,34,5ar-fused|carbo|sub:CO,five,,0,1,0,8,five rings (Q3)
P3_587680d8fc,P3,perylene+NO2,O=[N+]([O-])c1ccc2cccc3c4cccc5cccc(c1c23)c54,23,34,5ar-fused|carbo|sub:NO,five,,0,1,0,23,five rings (Q3)
P3_0ba2b29988,P3,benzo[e]pyrene+CN,N#Cc1ccc2c3ccccc3c3cccc4ccc1c2c43,22,33,5ar-fused|carbo|sub:CN,five,,0,1,0,12,five rings (Q3)
P3_2e68b34382,P3,picene+CH3,Cc1ccc2c(ccc3c2ccc2c4ccccc4ccc23)c1,23,39,5ar-fused|carbo|sub:C,five,,0,1,0,10,five rings (Q3)
P3_234de46f33,P3,"dibenz[a,h]anthracene+OCH3",COc1ccc2ccc3cc4c(ccc5ccccc54)cc3c2c1,24,40,5ar-fused|carbo|sub:CO,five,,0,1,0,15,five rings (Q3)
P3_37c45f1142,P3,benzo[a]pyrene+CHO,O=Cc1ccc2ccc3c4ccccc4cc4ccc1c2c43,22,34,5ar-fused|carbo|sub:CO,five,,0,1,0,2,five rings (Q3)
P3_34d837d676,P3,benzo[k]fluoranthene+SH,Sc1ccc2cccc3c2c1-c1cc2ccccc2cc1-3,21,33,5ar-fused|carbo|sub:S,five,,0,1,0,11,five rings (Q3)
P3_4d14684fda,P3,perylene+CN,N#Cc1cc2cccc3c4cccc5cccc(c(c1)c23)c54,22,33,5ar-fused|carbo|sub:CN,five,,0,1,0,26,five rings (Q3)
P3_0734c205ad,P3,benzo[e]pyrene+CH3,Cc1ccc2ccc3cccc4c5ccccc5c1c2c34,21,35,5ar-fused|carbo|sub:C,five,,0,1,0,6,five rings (Q3)
P3_0590e0136f,P3,picene+OCH3,COc1cccc2c1ccc1c2ccc2c3ccccc3ccc21,24,40,5ar-fused|carbo|sub:CO,five,,0,1,0,3,five rings (Q3)
P3_001a50e28e,P3,"dibenz[a,h]anthracene+CHO",O=Cc1ccc2c(ccc3cc4c(ccc5ccccc54)cc32)c1,24,38,5ar-fused|carbo|sub:CO,five,,0,1,0,7,five rings (Q3)
P3_00b43d14f0,P3,benzo[a]pyrene+SH,Sc1cc2cccc3ccc4c5ccccc5cc1c4c32,21,33,5ar-fused|carbo|sub:S,five,,0,1,0,9,five rings (Q3)
P3_082a4af67e,P3,benzo[k]fluoranthene+CF3,FC(F)(F)c1ccc2cc3c(cc2c1)-c1cccc2cccc-3c12,24,35,5ar-fused|carbo|sub:CF,five,,0,1,0,19,five rings (Q3)
P3c_8448043181,P3c,benzene+,c1ccccc1,6,12,1ar|carbo|sub:none,cation,A_8448043181,1,2,0,30,charge axis (Q1); parent
P3c_8b12a55d3a,P3c,benzene+F+,Fc1ccccc1,7,12,1ar|carbo|sub:F,cation,B_8b12a55d3a,1,2,0,33,charge axis (Q1)
P3c_1428bc8164,P3c,benzene+COOH+NO2+,O=C(O)c1ccc([N+](=O)[O-])cc1,12,17,1ar|carbo|sub:CNO,cation,B_1428bc8164,1,2,0,15,charge axis (Q1)
P3c_10bab624bc,P3c,benzene+OCH3+SH+,COc1ccccc1S,9,17,1ar|carbo|sub:COS,cation,B_10bab624bc,1,2,0,4,charge axis (Q1)
P3c_03bf20e8fe,P3c,benzene+CH3+NO2+,Cc1ccc([N+](=O)[O-])cc1,10,17,1ar|carbo|sub:CNO,cation,B_03bf20e8fe,1,2,0,24,charge axis (Q1)
P3c_09978bbd5d,P3c,benzene+CH3+Cl+,Cc1cccc(Cl)c1,8,15,1ar|carbo|sub:CCl,cation,B_09978bbd5d,1,2,0,53,charge axis (Q1)
P3c_11644318c3,P3c,benzene+CHO+CHO+,O=Cc1cccc(C=O)c1,10,16,1ar|carbo|sub:CO,cation,B_11644318c3,1,2,0,48,charge axis (Q1)
P3c_170b47dadd,P3c,benzene+OCH3+CONH2+,COc1ccccc1C(N)=O,11,20,1ar|carbo|sub:CNO,cation,B_170b47dadd,1,2,0,7,charge axis (Q1)
P3c_16769b963f,P3c,benzene+OH+CF3+,Oc1ccccc1C(F)(F)F,11,16,1ar|carbo|sub:CFO,cation,B_16769b963f,1,2,0,5,charge axis (Q1)
P3c_03923c2081,P3c,benzene+CN+OCH3+,COc1ccccc1C#N,10,17,1ar|carbo|sub:CNO,cation,B_03923c2081,1,2,0,12,charge axis (Q1)
P3c_049751d07c,P3c,benzene+OCH3+NO2+,COc1ccccc1[N+](=O)[O-],11,18,1ar|carbo|sub:CNO,cation,B_049751d07c,1,2,0,19,charge axis (Q1)
P3c_188d8de09c,P3c,benzene+CH3+OH+,Cc1ccc(O)cc1,8,16,1ar|carbo|sub:CO,cation,B_188d8de09c,1,2,0,14,charge axis (Q1)
P3c_1c07e976be,P3c,benzene+NH2+CF3+,Nc1ccc(C(F)(F)F)cc1,11,17,1ar|carbo|sub:CFN,cation,B_1c07e976be,1,2,0,13,charge axis (Q1)
P3c_0ef4494cfc,P3c,benzene+COOH+COOH+,O=C(O)c1cccc(C(=O)O)c1,12,18,1ar|carbo|sub:CO,cation,B_0ef4494cfc,1,2,0,49,charge axis (Q1)
P3c_1a41c96f37,P3c,benzene+F+CONH2+,NC(=O)c1cccc(F)c1,10,16,1ar|carbo|sub:CFNO,cation,B_1a41c96f37,1,2,0,54,charge axis (Q1)
P3c_01f3186607,P3c,naphthalene+,c1ccc2ccccc2c1,10,18,2ar-fused|carbo|sub:none,cation,A_01f3186607,1,2,1,0,charge axis (Q1); parent; hold-out (c)
P3c_16116c90de,P3c,naphthalene+Cl+,Clc1cccc2ccccc12,11,18,2ar-fused|carbo|sub:Cl,cation,B_16116c90de,1,2,0,50,charge axis (Q1)
P3c_07cadc7923,P3c,naphthalene+COOH+,O=C(O)c1ccc2ccccc2c1,13,21,2ar-fused|carbo|sub:CO,cation,B_07cadc7923,1,2,0,27,charge axis (Q1)
P3c_11d1915b38,P3c,naphthalene+CONH2+,NC(=O)c1ccc2ccccc2c1,13,22,2ar-fused|carbo|sub:CNO,cation,B_11d1915b38,1,2,0,44,charge axis (Q1)
P3c_1f8e4687bd,P3c,naphthalene+NH2+OCH3+,COc1cccc2cc(N)ccc12,13,24,2ar-fused|carbo|sub:CNO,cation,B_1f8e4687bd,1,2,0,8,charge axis (Q1)
P3c_0da4a5aea1,P3c,naphthalene+OH+CN+,N#Cc1ccc2cc(O)ccc2c1,13,20,2ar-fused|carbo|sub:CNO,cation,B_0da4a5aea1,1,2,0,2,charge axis (Q1)
P3c_55cca3aaf2,P3c,naphthalene+OH+vinyl+,C=Cc1ccc2cc(O)ccc2c1,13,23,2ar-fused|carbo|sub:CO,cation,B_55cca3aaf2,1,2,0,40,charge axis (Q1)
P3c_476dc42b85,P3c,naphthalene+vinyl+SH+,C=Cc1cccc2cc(S)ccc12,13,23,2ar-fused|carbo|sub:CS,cation,B_476dc42b85,1,2,0,46,charge axis (Q1)
P3c_0f27b44587,P3c,naphthalene+CN+vinyl+,C=Cc1ccc2cc(C#N)ccc2c1,14,23,2ar-fused|carbo|sub:CN,cation,B_0f27b44587,1,2,0,37,charge axis (Q1)
P3c_18c473d7dd,P3c,naphthalene+F+CN+,N#Cc1cccc2ccc(F)cc12,13,19,2ar-fused|carbo|sub:CFN,cation,B_18c473d7dd,1,2,0,17,charge axis (Q1)
P3c_20332edd59,P3c,naphthalene+NH2+COOH+,Nc1c(C(=O)O)ccc2ccccc12,14,23,2ar-fused|carbo|sub:CNO,cation,B_20332edd59,1,2,0,52,charge axis (Q1)
P3c_134d596518,P3c,naphthalene+NO2+CF3+,O=[N+]([O-])c1ccc2ccc(C(F)(F)F)cc2c1,17,23,2ar-fused|carbo|sub:CFNO,cation,B_134d596518,1,2,0,32,charge axis (Q1)
P3c_5d15d13032,P3c,naphthalene+OCH3+vinyl+,C=Cc1ccc2c(OC)cccc2c1,14,26,2ar-fused|carbo|sub:CO,cation,B_5d15d13032,1,2,0,31,charge axis (Q1)
P3c_168ec38a52,P3c,naphthalene+CN+ethynyl+,C#Cc1cc(C#N)c2ccccc2c1,14,21,2ar-fused|carbo|sub:CN,cation,B_168ec38a52,1,2,0,22,charge axis (Q1)
P3c_67a14c45e8,P3c,naphthalene+CHO+COOH+,O=C(O)C(=O)c1ccc2ccccc2c1,15,23,2ar-fused|carbo|sub:CO,cation,B_67a14c45e8,1,2,0,29,charge axis (Q1)
P3c_a1e6ec1862,P3c,anthracene+,c1ccc2cc3ccccc3cc2c1,14,24,3ar-fused|carbo|sub:none,cation,A_a1e6ec1862,1,2,0,34,charge axis (Q1); parent
P3c_29caedd47d,P3c,anthracene+COOH+,O=C(O)c1cccc2cc3ccccc3cc12,17,27,3ar-fused|carbo|sub:CO,cation,A2_29caedd47d,1,2,0,10,charge axis (Q1)
P3c_25fed68b27,P3c,anthracene+F+,Fc1ccc2cc3ccccc3cc2c1,15,24,3ar-fused|carbo|sub:F,cation,A2_25fed68b27,1,2,0,36,charge axis (Q1)
P3c_20e59f3897,P3c,anthracene+NO2+,O=[N+]([O-])c1c2ccccc2cc2ccccc12,17,26,3ar-fused|carbo|sub:NO,cation,A2_20e59f3897,1,2,0,26,charge axis (Q1)
P3c_0f1a2bd718,P3c,anthracene+OCH3+,COc1c2ccccc2cc2ccccc12,16,28,3ar-fused|carbo|sub:CO,cation,A2_0f1a2bd718,1,2,0,1,charge axis (Q1)
P3c_541c53d1a5,P3c,phenanthrene+,c1ccc2c(c1)ccc1ccccc12,14,24,3ar-fused|carbo|sub:none,cation,A_541c53d1a5,1,2,1,0,charge axis (Q1); parent; hold-out (c)
P3c_238c9ced38,P3c,phenanthrene+CF3+,FC(F)(F)c1cccc2c1ccc1ccccc12,18,27,3ar-fused|carbo|sub:CF,cation,A2_238c9ced38,1,2,0,16,charge axis (Q1)
P3c_19eaf39036,P3c,phenanthrene+NO2+,O=[N+]([O-])c1ccc2ccc3ccccc3c2c1,17,26,3ar-fused|carbo|sub:NO,cation,A2_19eaf39036,1,2,0,41,charge axis (Q1)
P3c_09d0b3be91,P3c,phenanthrene+CONH2+,NC(=O)c1cccc2ccc3ccccc3c12,17,28,3ar-fused|carbo|sub:CNO,cation,A2_09d0b3be91,1,2,0,6,charge axis (Q1)
P3c_0a2c2f12b8,P3c,phenanthrene+Cl+,Clc1ccc2ccc3ccccc3c2c1,15,24,3ar-fused|carbo|sub:Cl,cation,A2_0a2c2f12b8,1,2,0,23,charge axis (Q1)
P3c_cce0ad25a5,P3c,pyrene+,c1cc2ccc3cccc4ccc(c1)c2c34,16,26,4ar-fused|carbo|sub:none,cation,A_cce0ad25a5,1,2,0,47,charge axis (Q1); parent
P3c_35c01ca552,P3c,pyrene+NO2+,O=[N+]([O-])c1ccc2ccc3cccc4ccc1c2c34,19,28,4ar-fused|carbo|sub:NO,cation,A2_35c01ca552,1,2,0,39,charge axis (Q1)
P3c_25fe240a5d,P3c,pyrene+OCH3+,COc1cc2cccc3ccc4cccc1c4c32,18,30,4ar-fused|carbo|sub:CO,cation,A2_25fe240a5d,1,2,0,3,charge axis (Q1)
P3c_2d6f59a2bf,P3c,pyrene+OH+,Oc1cc2cccc3ccc4cccc1c4c32,17,27,4ar-fused|carbo|sub:O,cation,A2_2d6f59a2bf,1,2,0,18,charge axis (Q1)
P3c_20747fd501,P3c,pyrene+vinyl+,C=Cc1ccc2ccc3cccc4ccc1c2c34,18,30,4ar-fused|carbo|sub:C,cation,A2_20747fd501,1,2,0,21,charge axis (Q1)
P3c_428228e5a5,P3c,fluoranthene+,c1ccc2c(c1)-c1cccc3cccc-2c13,16,26,4ar-fused|carbo|sub:none,cation,A_428228e5a5,1,2,1,0,charge axis (Q1); parent; hold-out (c)
P3c_331729cd47,P3c,fluoranthene+CN+,N#Cc1cc2c3c(cccc3c1)-c1ccccc1-2,18,27,4ar-fused|carbo|sub:CN,cation,A2_331729cd47,1,2,0,11,charge axis (Q1)
P3c_311e979a14,P3c,fluoranthene+Cl+,Clc1ccc2c(c1)-c1cccc3cccc-2c13,17,26,4ar-fused|carbo|sub:Cl,cation,A2_311e979a14,1,2,0,9,charge axis (Q1)
P3c_2f079d63a1,P3c,fluoranthene+CH3+,Cc1cc2c3c(cccc3c1)-c1ccccc1-2,17,29,4ar-fused|carbo|sub:C,cation,A2_2f079d63a1,1,2,0,45,charge axis (Q1)
P3c_097651503c,P3c,fluoranthene+CONH2+,NC(=O)c1cccc2c1-c1cccc3cccc-2c13,19,30,4ar-fused|carbo|sub:CNO,cation,A2_097651503c,1,2,0,20,charge axis (Q1)
P3c_ff98e1160d,P3c,quinoline+,c1ccc2ncccc2c1,10,17,2ar-fused|ring-N|sub:none,cation,A_ff98e1160d,1,2,0,28,charge axis (Q1); parent
P3c_0aed490e42,P3c,quinoline+CF3+,FC(F)(F)c1cccc2ncccc12,14,20,2ar-fused|ring-N|sub:CF,cation,B_0aed490e42,1,2,0,42,charge axis (Q1)
P3c_001ea7d3a5,P3c,quinoline+OH+,Oc1ccc2ncccc2c1,11,18,2ar-fused|ring-N|sub:O,cation,B_001ea7d3a5,1,2,0,25,charge axis (Q1)
P3c_1519881f69,P3c,quinoline+COOH+,O=C(O)c1cccc2ncccc12,13,20,2ar-fused|ring-N|sub:CO,cation,B_1519881f69,1,2,0,55,charge axis (Q1)
P3c_0028cdfd85,P3c,quinoline+CONH2+,NC(=O)c1cnc2ccccc2c1,13,21,2ar-fused|ring-N|sub:CNO,cation,B_0028cdfd85,1,2,0,43,charge axis (Q1)
P3c_6e858b26e5,P3c,pyridine+,c1ccncc1,6,11,1ar|ring-N|sub:none,cation,A_6e858b26e5,1,2,0,56,charge axis (Q1); parent
P3c_02d75f732a,P3c,pyridine+OH+,Oc1ccccn1,7,12,1ar|ring-N|sub:O,cation,B_02d75f732a,1,2,0,57,charge axis (Q1)
P3c_00e041576d,P3c,pyridine+SH+,Sc1ccccn1,7,12,1ar|ring-N|sub:S,cation,B_00e041576d,1,2,0,35,charge axis (Q1)
P3c_0617e12945,P3c,pyridine+CH3+F+,Cc1cccc(F)n1,8,14,1ar|ring-N|sub:CF,cation,B_0617e12945,1,2,0,51,charge axis (Q1)
P3c_17f1611949,P3c,pyridine+CH3+ethynyl+,C#Cc1cnccc1C,9,16,1ar|ring-N|sub:C,cation,B_17f1611949,1,2,0,38,charge axis (Q1)
