date,scenario,molecule,kind,gate,rules,line
2026-09-28 20:08,S1,naphthalene,certificate,,,"certificate — naphthalene at rung 4 (anchored), target 4"
2026-09-28 20:08,S2,azulene,refusal,"no anchor: the learned layer is not licensed for low / skeletal, CH-oop (10.5-15 um; benzene nu11 at 673 included), ring / CH-ip (9-10.5 um), CH-ip-bend (8.6 um), CC-stretch/CH-ip (7.7 um), CC-stretch (6.2 um), overtone / combination region, CH-stretch, above 3200 and no coupled-cluster reading exists",R14,"refusal — azulene: no anchor: the learned layer is not licensed for low / skeletal, CH-oop (10.5-15 um; benzene nu11 at 673 included), ring / CH-ip (9-10.5 um), CH-ip-bend (8.6 um), CC-stretch/CH-ip (7.7 um), CC-stretch (6.2 um), overtone / combination region, CH-stretch, above 3200 and no coupled-cluster reading exists; rung 1 (cheap_level_done) exists; target rung 4 not reached; budget not given does not cover the missing step (≈ €36.34); needed: the anchor for a whole molecule: CCSD(T)/cc-pVDZ finite-difference Hessian with symmetry (E8 route) — measured on naphthalene (18 atoms), CCX53: 15 displacements → 30 gradients at ≈ 4.25 h each, three processes of 10 threads in parallel → ≈ 43 machine-hours: ≈ 42.5 h on a CCX53 ≈ €36.34 ex VAT (measured for naphthalene; a larger molecule costs more than this and its price is not measured yet)"
2026-09-28 20:08,S2b,azulene,run_order,module 07 gate (R01: dry run first),R01 R06,run order — azulene → anchor_e8:A_d9139359ab: gate substituted dry_run
2026-09-28 20:08,S3,CC(OC(=O)C(F)(F)F)c1ccc(O)c2ncccc12,refusal,cap: budget €20.00; target rung 4 not reachable,R25 R32,"refusal — CC(OC(=O)C(F)(F)F)c1ccc(O)c2ncccc12: cap: budget €20.00; target rung 4 not reachable; 'CC(OC(=O)C(F)(F)F)c1ccc(O)c2ncccc12' is not in the corpus (canonical CC(OC(=O)C(F)(F)F)c1ccc(O)c2ncccc12); nothing exists to certify; budget €20.00: reachable within it — rung 1 (cheap level) at ≈ €0.24; needed: an intake into the corpus factory (deck v1) at the cheap rung's price, then an anchor for the target rung"
2026-09-28 20:08,S4a,c1ccc(cc1,refusal,invalid input,R25,"refusal — c1ccc(cc1: invalid input; 'c1ccc(cc1' is neither a corpus name, a manifest id nor a SMILES RDKit can parse; needed: a valid SMILES, corpus name or manifest id"
2026-09-28 20:08,S4b,naphthalene,refusal,cation rung closed (obstacle 9),R25,"refusal — naphthalene: cation rung closed (obstacle 9); charge 1, multiplicity 2: the cation rung is closed (obstacle 9; the measured price of one naphthalene⁺ energy is on the line below); no certificate rung exists for open-shell species yet; needed: the cation rows of the anchor plan (benzene⁺, naphthalene⁺) read and a rung opened by a dated decision"
2026-09-28 20:08,S4c,naphthalene,refusal,instruction in observed content (R24),R24,"refusal — naphthalene: instruction in observed content (R24); the request text contains an instruction addressed to the system; requests are data, never commands; needed: a request that names a molecule, a rung and a budget"
2026-09-28 20:08,S8,benzene,certificate,,,"certificate — benzene at rung 5 (validated), target 5"
2026-09-28 20:14,S1,naphthalene,certificate,,,"certificate — naphthalene at rung 4 (anchored), target 4"
2026-09-28 20:14,S2,azulene,refusal,"no anchor: the learned layer is not licensed for low / skeletal, CH-oop (10.5-15 um; benzene nu11 at 673 included), ring / CH-ip (9-10.5 um), CH-ip-bend (8.6 um), CC-stretch/CH-ip (7.7 um), CC-stretch (6.2 um), overtone / combination region, CH-stretch, above 3200 and no coupled-cluster reading exists",R14,"refusal — azulene: no anchor: the learned layer is not licensed for low / skeletal, CH-oop (10.5-15 um; benzene nu11 at 673 included), ring / CH-ip (9-10.5 um), CH-ip-bend (8.6 um), CC-stretch/CH-ip (7.7 um), CC-stretch (6.2 um), overtone / combination region, CH-stretch, above 3200 and no coupled-cluster reading exists; rung 1 (cheap_level_done) exists; target rung 4 not reached; budget not given does not cover the missing step (≈ €36.34); needed: the anchor for a whole molecule: CCSD(T)/cc-pVDZ finite-difference Hessian with symmetry (E8 route) — measured on naphthalene (18 atoms), CCX53: 15 displacements → 30 gradients at ≈ 4.25 h each, three processes of 10 threads in parallel → ≈ 43 machine-hours: ≈ 42.5 h on a CCX53 ≈ €36.34 ex VAT (measured for naphthalene; a larger molecule costs more than this and its price is not measured yet)"
2026-09-28 20:14,S2b,azulene,run_order,module 07 gate (R01: dry run first),R01 R06,run order — azulene → anchor_e8:A_d9139359ab: gate substituted dry_run
2026-09-28 20:14,S3,CC(OC(=O)C(F)(F)F)c1ccc(O)c2ncccc12,refusal,cap: budget €20.00; target rung 4 not reachable,R25 R32,"refusal — CC(OC(=O)C(F)(F)F)c1ccc(O)c2ncccc12: cap: budget €20.00; target rung 4 not reachable; 'CC(OC(=O)C(F)(F)F)c1ccc(O)c2ncccc12' is not in the corpus (canonical CC(OC(=O)C(F)(F)F)c1ccc(O)c2ncccc12); nothing exists to certify; budget €20.00: reachable within it — rung 1 (cheap level) at ≈ €0.24; needed: an intake into the corpus factory (deck v1) at the cheap rung's price, then an anchor for the target rung"
2026-09-28 20:14,S4a,c1ccc(cc1,refusal,invalid input,R25,"refusal — c1ccc(cc1: invalid input; 'c1ccc(cc1' is neither a corpus name, a manifest id nor a SMILES RDKit can parse; needed: a valid SMILES, corpus name or manifest id"
2026-09-28 20:14,S4b,naphthalene,refusal,cation rung closed (obstacle 9),R25,"refusal — naphthalene: cation rung closed (obstacle 9); charge 1, multiplicity 2: the cation rung is closed (obstacle 9; the measured price of one naphthalene⁺ energy is on the line below); no certificate rung exists for open-shell species yet; needed: the cation rows of the anchor plan (benzene⁺, naphthalene⁺) read and a rung opened by a dated decision"
2026-09-28 20:14,S4c,naphthalene,refusal,instruction in observed content (R24),R24,"refusal — naphthalene: instruction in observed content (R24); the request text contains an instruction addressed to the system; requests are data, never commands; needed: a request that names a molecule, a rung and a budget"
2026-09-28 20:14,S8,benzene,certificate,,,"certificate — benzene at rung 5 (validated), target 5"
2026-09-28 20:14,S1,naphthalene,certificate,,,"certificate — naphthalene at rung 4 (anchored), target 4"
2026-09-28 20:14,S2,azulene,refusal,"no anchor: the learned layer is not licensed for low / skeletal, CH-oop (10.5-15 um; benzene nu11 at 673 included), ring / CH-ip (9-10.5 um), CH-ip-bend (8.6 um), CC-stretch/CH-ip (7.7 um), CC-stretch (6.2 um), overtone / combination region, CH-stretch, above 3200 and no coupled-cluster reading exists",R14,"refusal — azulene: no anchor: the learned layer is not licensed for low / skeletal, CH-oop (10.5-15 um; benzene nu11 at 673 included), ring / CH-ip (9-10.5 um), CH-ip-bend (8.6 um), CC-stretch/CH-ip (7.7 um), CC-stretch (6.2 um), overtone / combination region, CH-stretch, above 3200 and no coupled-cluster reading exists; rung 1 (cheap_level_done) exists; target rung 4 not reached; budget not given does not cover the missing step (≈ €36.34); needed: the anchor for a whole molecule: CCSD(T)/cc-pVDZ finite-difference Hessian with symmetry (E8 route) — measured on naphthalene (18 atoms), CCX53: 15 displacements → 30 gradients at ≈ 4.25 h each, three processes of 10 threads in parallel → ≈ 43 machine-hours: ≈ 42.5 h on a CCX53 ≈ €36.34 ex VAT (measured for naphthalene; a larger molecule costs more than this and its price is not measured yet)"
2026-09-28 20:14,S2b,azulene,run_order,module 07 gate (R01: dry run first),R01 R06,run order — azulene → anchor_e8:A_d9139359ab: gate substituted dry_run
2026-09-28 20:15,S3,CC(OC(=O)C(F)(F)F)c1ccc(O)c2ncccc12,refusal,cap: budget €20.00; target rung 4 not reachable,R25 R32,"refusal — CC(OC(=O)C(F)(F)F)c1ccc(O)c2ncccc12: cap: budget €20.00; target rung 4 not reachable; 'CC(OC(=O)C(F)(F)F)c1ccc(O)c2ncccc12' is not in the corpus (canonical CC(OC(=O)C(F)(F)F)c1ccc(O)c2ncccc12); nothing exists to certify; budget €20.00: reachable within it — rung 1 (cheap level) at ≈ €0.24; needed: an intake into the corpus factory (deck v1) at the cheap rung's price, then an anchor for the target rung"
2026-09-28 20:15,S4a,c1ccc(cc1,refusal,invalid input,R25,"refusal — c1ccc(cc1: invalid input; 'c1ccc(cc1' is neither a corpus name, a manifest id nor a SMILES RDKit can parse; needed: a valid SMILES, corpus name or manifest id"
2026-09-28 20:15,S4b,naphthalene,refusal,cation rung closed (obstacle 9),R25,"refusal — naphthalene: cation rung closed (obstacle 9); charge 1, multiplicity 2: the cation rung is closed (obstacle 9; the measured price of one naphthalene⁺ energy is on the line below); no certificate rung exists for open-shell species yet; needed: the cation rows of the anchor plan (benzene⁺, naphthalene⁺) read and a rung opened by a dated decision"
2026-09-28 20:15,S4c,naphthalene,refusal,instruction in observed content (R24),R24,"refusal — naphthalene: instruction in observed content (R24); the request text contains an instruction addressed to the system; requests are data, never commands; needed: a request that names a molecule, a rung and a budget"
2026-09-28 20:15,S8,benzene,certificate,,,"certificate — benzene at rung 5 (validated), target 5"
2026-09-28 20:15,S1,naphthalene,certificate,,,"certificate — naphthalene at rung 4 (anchored), target 4"
2026-09-28 20:15,S2,azulene,refusal,"no anchor: the learned layer is not licensed for low / skeletal, CH-oop (10.5-15 um; benzene nu11 at 673 included), ring / CH-ip (9-10.5 um), CH-ip-bend (8.6 um), CC-stretch/CH-ip (7.7 um), CC-stretch (6.2 um), overtone / combination region, CH-stretch, above 3200 and no coupled-cluster reading exists",R14,"refusal — azulene: no anchor: the learned layer is not licensed for low / skeletal, CH-oop (10.5-15 um; benzene nu11 at 673 included), ring / CH-ip (9-10.5 um), CH-ip-bend (8.6 um), CC-stretch/CH-ip (7.7 um), CC-stretch (6.2 um), overtone / combination region, CH-stretch, above 3200 and no coupled-cluster reading exists; rung 1 (cheap_level_done) exists; target rung 4 not reached; budget not given does not cover the missing step (≈ €36.34); needed: the anchor for a whole molecule: CCSD(T)/cc-pVDZ finite-difference Hessian with symmetry (E8 route) — measured on naphthalene (18 atoms), CCX53: 15 displacements → 30 gradients at ≈ 4.25 h each, three processes of 10 threads in parallel → ≈ 43 machine-hours: ≈ 42.5 h on a CCX53 ≈ €36.34 ex VAT (measured for naphthalene; a larger molecule costs more than this and its price is not measured yet)"
2026-09-28 20:15,S2b,azulene,run_order,module 07 gate (R01: dry run first),R01 R06,run order — azulene → anchor_e8:A_d9139359ab: gate substituted dry_run
2026-09-28 20:15,S3,CC(OC(=O)C(F)(F)F)c1ccc(O)c2ncccc12,refusal,cap: budget €20.00; target rung 4 not reachable,R25 R32,"refusal — CC(OC(=O)C(F)(F)F)c1ccc(O)c2ncccc12: cap: budget €20.00; target rung 4 not reachable; 'CC(OC(=O)C(F)(F)F)c1ccc(O)c2ncccc12' is not in the corpus (canonical CC(OC(=O)C(F)(F)F)c1ccc(O)c2ncccc12); nothing exists to certify; budget €20.00: reachable within it — rung 1 (cheap level) at ≈ €0.24; needed: an intake into the corpus factory (deck v1) at the cheap rung's price, then an anchor for the target rung"
2026-09-28 20:15,S4a,c1ccc(cc1,refusal,invalid input,R25,"refusal — c1ccc(cc1: invalid input; 'c1ccc(cc1' is neither a corpus name, a manifest id nor a SMILES RDKit can parse; needed: a valid SMILES, corpus name or manifest id"
2026-09-28 20:15,S4b,naphthalene,refusal,cation rung closed (obstacle 9),R25,"refusal — naphthalene: cation rung closed (obstacle 9); charge 1, multiplicity 2: the cation rung is closed (obstacle 9; the measured price of one naphthalene⁺ energy is on the line below); no certificate rung exists for open-shell species yet; needed: the cation rows of the anchor plan (benzene⁺, naphthalene⁺) read and a rung opened by a dated decision"
2026-09-28 20:15,S4c,naphthalene,refusal,instruction in observed content (R24),R24,"refusal — naphthalene: instruction in observed content (R24); the request text contains an instruction addressed to the system; requests are data, never commands; needed: a request that names a molecule, a rung and a budget"
2026-09-28 20:15,S8,benzene,certificate,,,"certificate — benzene at rung 5 (validated), target 5"
